<?xml version="1.0" encoding="utf-8"?>
<tvtdb>
	<version value="3" comment="Ad entries by scr0llbaer" />

	<!--
		TODO: For now, ads here are added just for the reason of creating parodies of certain brands, products, organizations, etc...
		Not much attention paid to the parameters, which were mostly just cloned from existing ads.
		More fine-tuning and variety is probably necessary.
		All brands and products that are mentioned in a non-ad context in the game will eventually get an ad entry here,
		along with a link to the original name via Wikipedia in the comment to make it easier to find them,
		and to make the spoof brands more recognizable to the player when they appear in other places.
		There still might be missing some.
	-->

	<allads>
		<ad guid="60bf1e4b-0646-4ab5-8cbb-8a8aa6ff174b" creator="9551" comment="fictional | similar 'brand' but different pun in German vs English">
			<title>
				<de>Scham-Po</de>
				<en>RealPoo</en>
				<pl>Szam poo-n</pl>
			</title>
			<description>
				<de>Das Pflegemittel speziell für Ihre Gesäß- und Schamhaare.</de>
				<en>Everywhere else you only get sham-poo. We have the RealPoo.</en>
				<pl>Wszędzie indziej dostajesz tylko pozorną kupę. My mamy Szam poo-n.</pl>
			</description>
			<conditions min_audience="4.69" min_image="0" target_group="0" />
			<data infomercial="1" quality="10" repetitions="2" duration="2" profit="510" penalty="890" fix_infomercial_profit="1" />
		</ad>
		<ad guid="77f0d337-30a4-45de-b26d-fa0093fe89e7" creator="9551" comment="https://de.wikipedia.org/wiki/Demeter_(Deutschland)">
			<title>
				<all>${brand_demeter}</all>
			</title>
			<description>
				<de>Feinste anthroposophische bei Vollmondschein ausgependelte Bio-Vollwertkost.</de>
				<en>The finest anthroposophical organic wholefood, pendulum-dowsed under the light of the full moon.</en>
				<pl>Najwyższej jakości antropozoficzna, organiczna żywność pełnowartościowa, wachadełkiem wywibrowana w świetle pełni księżyca.</pl>
			</description>
			<conditions min_audience="1.3015" min_image="0" target_group="0" />
			<data infomercial="1" quality="15" repetitions="5" duration="3" profit="1060" penalty="1571" fix_infomercial_profit="1" />
		</ad>
		<ad guid="10c9b55c-0b6d-4c93-af8a-0a0bd326df78" creator="9551" comment="parody (not in-place spoof) of https://en.wikipedia.org/wiki/Siemens | https://en.wikipedia.org/wiki/He-Man | https://duckduckgo.com/?q=he-man+i+have+the+power | alternative slogan part: Without us, everything will grind to a halt. The engine room of the republic.">
			<title>
				<all>Hiemens</all>
			</title>
			<description>
				<de>Wir haben die Kraft!
Die Maschinenkraft, das Land wieder zu einem kraftvollen Industriestandort zu machen, damit Sie auch morgen noch kraftvoll zupacken können.
Jetzt mit extra-hoher Staatsquote.</de>
				<en>We have the power!
The machine power to make the nation an industrial powerhouse again. The power to your freedom to yet another hitting the grind tomorrow.
Now with an extra-high public expenditure quota.</en>
				<pl>Mamy moc!
Moc maszyn, która sprawi, że nasz kraj znów stanie się potęgą przemysłową. Siłę, która zapewni ci wolność do kolejnego uderzenia w harówkę jutro.
Teraz z bardzo wysokim limitem wydatków publicznych.</pl>
			</description>
			<conditions min_audience="7.29" min_image="0" target_group="0" pro_pressure_groups="0" contra_pressure_groups="0" />
			<data quality="20" repetitions="2" duration="2" profit="420" penalty="500" infomercial_profit="39" fix_infomercial_profit="1" />
		</ad>
		<ad guid="b24e8304-f106-4577-a13a-bdb60c422cbe" creator="9551" comment="-1996 | https://en.wikipedia.org/wiki/Anonymous_(hacker_group) | pre-internet era ironically fictional">
			<title>
				<de>Die Anonymen Anonymiker</de>
				<en>Anonymics Anonymous</en>
				<pl>Anonimowi Anonymous</pl>
			</title>
			<description>
				<de>Kommt und tretet bei! Wir wissen noch nicht, woher wir kommen, wohin wir gehen, oder wer wir sind, aber gemeinsam werden wir es herausfinden!</de>
				<en>Come join us! We don't know yet where we come from, where we want to go, or who we are, but together we'll figure it out!</en>
				<pl>Dołącz do nas! Nie wiemy jeszcze, skąd pochodzimy, dokąd chcemy zmierzać ani kim jesteśmy, ale razem to odkryjemy!</pl>
			</description>
			<conditions min_audience="3.65" min_image="0" target_group="0" pro_pressure_groups="0" contra_pressure_groups="0" />
			<data infomercial="1" quality="4" repetitions="1" duration="4" profit="520" penalty="1500" infomercial_profit="104" fix_infomercial_profit="1" />
			<!-- Anonymous spots should be at night time, only 1 repetition -->
			<availability year_range_to="1996" />
		</ad>
		<ad guid="a8831f80-a696-44cd-8a2b-c6611c13f4c5" creator="9551" comment="1997-2007 | https://en.wikipedia.org/wiki/Anonymous_(hacker_group)">
			<title>
				<de>Die anonymen Anonymiker</de>
				<en>Anonymics Anonymous</en>
				<pl>Anonimowi Anonymous</pl>
			</title>
			<description>
				<de>Kommt und tretet bei! Uns gibt's jetzt auch im Internet. Wir haben großes vor. Besonders eine bestimmte Sekte geht uns tierisch auf den Sack.
Expect us.</de>
				<en>Come join us! We're now also on the Internet. We have big plans. One specific sect pisses us off particularly.
Expect us.</en>
				<pl>Dołącz do nas! Jesteśmy teraz również w Internecie. Mamy wielkie plany. Jedna konkretna sekta wkurza nas szczególnie.
Spodziewaj się nas.</pl>
			</description>
			<conditions min_audience="3.65" min_image="0" target_group="0" pro_pressure_groups="0" contra_pressure_groups="0" />
			<data infomercial="1" quality="4" repetitions="1" duration="4" profit="520" penalty="1500" infomercial_profit="104" fix_infomercial_profit="1" />
			<availability year_range_from="1997" year_range_to="2007" />
		</ad>
		<ad guid="1a798b23-d33f-4325-a000-0a08f832ea13" creator="9551" comment="2008- | https://en.wikipedia.org/wiki/Anonymous_(hacker_group)">
			<title>
				<de>Anonymous</de>
				<en>Anonymous</en>
				<pl>Anonymous</pl>
			</title>
			<description>
				<de>Wir haben uns in den Sender gehackt und unterbrechen das reguläre Programm für eine wichtige Mitteilung zur Lage der Nation und dem Rest der Welt.
We do not forgive. We do not forget. Expect us.</de>
				<en>We've hacked into the station, and we're interrupting the regularly scheduled program for an important announcement about the state of the nation and the rest of the world.
We do not forgive. We do not forget. Expect us.</en>
				<pl>Włamaliśmy się do stacji i przerywamy regularnie zaplanowany program, aby ogłosić ważne informacje o stanie narodu i reszty świata.
Nie wybaczamy. Nie zapominamy. Oczekujcie nas.</pl>
			</description>
			<conditions min_audience="3.65" min_image="0" target_group="0" pro_pressure_groups="0" contra_pressure_groups="0" />
			<data infomercial="1" quality="4" repetitions="1" duration="4" profit="525" penalty="1500" infomercial_profit="104" fix_infomercial_profit="1" />
			<availability year_range_from="2008" year_range_to="-1" />
		</ad>
		<ad guid="91595531-40f0-40bc-98df-90f7481b0bc5" creator="9551" comment="https://en.wikipedia.org/wiki/Zombo.com | Available before the internet age because the unattainable is unknown at Zombocom. :) | Infomercial high quality for comedic reasons">
			<title>
				<all>Zombo.com</all>
			</title>
			<description>
				<de>Willkommen.
Willkommen bei Zombocom.
Alles ist möglich bei Zombocom.</de>
				<en>Welcome.
Welcome to Zombocom.
Anything is possible at Zombocom.</en>
				<pl>Witamy.
Witamy w Zombocom.
W Zombocom wszystko jest możliwe.</pl>
			</description>
			<conditions min_audience="2.08" min_image="0" target_group="0" />
			<data infomercial="1" quality="52" repetitions="1" duration="3" profit="740" penalty="1000" fix_infomercial_profit="1" />
		</ad>
		<ad guid="3153545d-d231-4f4e-9a75-647f50c4cef9" creator="9551" comment="1975-1982 | https://de.wikipedia.org/wiki/Betamax">
			<title>
				<all>${brand_betamax}</all>
			</title>
			<description>
				<de>Werden Sie der Herr über die Ewigkeit! Die neue Generation Video-Magnetbänder. Jetzt von ${brand_sony}.</de>
				<en>Become the master of eternity! The new generation of magnetic tapes for video. Now from ${brand_sony}.</en>
				<pl>Zostań mistrzem wieczności! Nowa generacja taśm magnetycznych dla wideo. Teraz od ${brand_sony}.</pl>
			</description>
			<conditions min_audience="8.34" min_image="4" target_group="8" pro_pressure_groups="0" contra_pressure_groups="0" />
			<data quality="21" repetitions="2" duration="3" profit="360" penalty="550" infomercial_profit="27" fix_infomercial_profit="1" />
			<availability year_range_from="1975" year_range_to="1982" />
		</ad>
		<ad guid="bef518f9-38fc-404d-a767-28fe4e9f65dc" creator="9551" comment="1983-1987 | https://en.wikipedia.org/wiki/MSX">
			<title>
				<all>${brand_sony} ${brand_msx}</all>
			</title>
			<description>
				<de>Erleben Sie den neuen Home-Computing-Standard mit unseren Modellen in einer völlig neuen Dimension. It's a ${brand_sony}.</de>
				<en>Experience the new home computing standard with our range of models in a completely new dimension. It's a ${brand_sony}.</en>
				<pl>Poznaj nowy standard komputerów domowych dzięki naszej gamie modeli w zupełnie nowym wymiarze. It's a ${brand_sony}.</pl>
			</description>
			<conditions min_audience="8.34" min_image="7" target_group="8" pro_pressure_groups="0" contra_pressure_groups="0" />
			<data quality="21" repetitions="2" duration="3" profit="360" penalty="550" infomercial_profit="27" fix_infomercial_profit="1" />
			<availability year_range_from="1983" year_range_to="1987" />
		</ad>
		<ad guid="88a600ed-b687-4ee7-a59c-2b5d042903e4" creator="9551" comment="1988-1992 | https://en.wikipedia.org/wiki/Pioneer_Corporation | https://en.wikipedia.org/wiki/LaserDisc | alt spoof names: Precideer, Presideer | actually discontinued only in 2001 (films) / 2009 | didn't find a Sony product fitting into this time period and to the 'discontinued tech' theme of this 'thread'">
			<title>
				<all>${brand_pioneer} ${brand_laserdisc}</all>
			</title>
			<description>
				<de>Die umfassendste Revolution im Fernsehen seit dem Fernsehen. Erleben Sie SciFi und Horror in noch nie dagewesener Laserschärfe!</de>
				<en>The most comprehensive revolution in television since television. Experience sci-fi and horror in unprecedented laser sharpness!</en>
				<pl>Najbardziej wszechstronna rewolucja w telewizji od czasów telewizji. Doświadcz sci-fi i horroru w niespotykanej dotąd laserowej ostrości!</pl>
			</description>
			<conditions min_audience="8.34" min_image="12" target_group="8" pro_pressure_groups="0" contra_pressure_groups="0" />
			<data quality="21" repetitions="2" duration="3" profit="360" penalty="550" infomercial_profit="27" fix_infomercial_profit="1" />
			<availability year_range_from="1988" year_range_to="1992" />
		</ad>
		<ad guid="6b381d2a-b4bc-44fb-9c07-3047209bfa57" creator="9551" comment="1993-2002 | https://en.wikipedia.org/wiki/MiniDisc | slogan by ChatGPT | actually discontinued only in 2013 | could be more satirical">
			<title>
				<all>${brand_sony} ${brand_minidisc}</all>
			</title>
			<description>
				<de>Winzige Disk, gewaltiger Sound: ${brand_sony} ${brand_minidisc} rockt!</de>
				<en>Tiny disk, massive sound: ${brand_sony} ${brand_minidisc} rocks!</en>
				<pl>Mały dysk, ogromny dźwięk: ${brand_sony} ${brand_minidisc} daje czadu!</pl>
			</description>
			<conditions min_audience="8.34" min_image="12" target_group="8" pro_pressure_groups="0" contra_pressure_groups="0" />
			<data quality="21" repetitions="2" duration="3" profit="360" penalty="550" infomercial_profit="27" fix_infomercial_profit="1" />
			<availability year_range_from="1993" year_range_to="2002" />
		</ad>
		<ad guid="4eade518-8772-4697-9508-da43af3782c2" creator="9551" comment="2003-2013 | https://en.wikipedia.org/wiki/Vaio">
			<title>
				<all>${brand_sony} ${brand_vaio}</all>
			</title>
			<description>
				<de>${brand_vaio} for the pro. Superschlanke Glanzleistung mit Hochglanz-Display, so dass man sich drin spiegeln kann. Erleben Sie unsere innovativen Computer-Notebooks!</de>
				<en>${brand_vaio} for the pro. Super-slim performance brilliance with brilliant high-gloss display so you can see your own reflection. Experience our innovative computer notebooks!</en>
				<pl>${brand_vaio} for the pro. Super smukła konstrukcja z wyświetlaczem o wysokim połysku, w którym można zobaczyć własne odbicie. Poznaj nasze innowacyjne notebooki!</pl>
			</description>
			<conditions min_audience="8.34" min_image="12" target_group="8" pro_pressure_groups="0" contra_pressure_groups="0" />
			<data quality="21" repetitions="2" duration="3" profit="360" penalty="550" infomercial_profit="27" fix_infomercial_profit="1" />
			<availability year_range_from="2003" year_range_to="2013" />
		</ad>
		<ad guid="07c6b7de-06ce-4d62-b237-49dcfa0060c6" creator="9551" comment="2014- | https://en.wikipedia.org/wiki/Vaio | since 2014 not anymore a brand of Sony">
			<title>
				<all>${brand_vaio}</all>
			</title>
			<description>
				<de>Every eye on you. Innovative All-in-One PCs und ultra-portable Notebooks von ${brand_vaio}.</de>
				<en>Every eye on you. Innovative all-in-one PCs and ultra-portable notebooks from ${brand_vaio}.</en>
				<pl>Every eye on you. Innowacyjne komputery All-in-One i ultraprzenośne notebooki ${brand_vaio}.</pl>
			</description>
			<conditions min_audience="8.34" min_image="12" target_group="8" pro_pressure_groups="0" contra_pressure_groups="0" />
			<data quality="21" repetitions="2" duration="3" profit="360" penalty="550" infomercial_profit="27" fix_infomercial_profit="1" />
			<availability year_range_from="2014" />
		</ad>
		<ad guid="3c9d81f5-15c7-4cf3-93a4-9d0ddd08b0a6" creator="9551" comment="variation of Mad TV 'Andrae Design' | TODO: Andrae was the name of the Mad TV graphics artist, so every TVTower graphics contributor should receive a version of this ad">
			<title>
				<all>Ronny Design</all>
			</title>
			<description>
				<de>Inneneinrichtung? BlitzPixels? Ronny!</de>
				<en>Interior decoration? BlitzPixels? Ronny!</en>
				<pl>Dekoracja wnętrz? BlitzPixels? Ronny!</pl>
			</description>
			<conditions min_audience="0.2074" min_image="0" target_group="0" pro_pressure_groups="0" contra_pressure_groups="0" />
			<data infomercial="1" quality="21" repetitions="4" duration="2" profit="2375" penalty="3500" infomercial_profit="125" fix_infomercial_profit="1" />
		</ad>
		<ad guid="8ecbab11-0df5-4695-94f7-e37d7b30ef5d" creator="9551" comment="https://en.wikipedia.org/wiki/Boston_Dynamics | TODO: actually founded in 1992; maybe use fictional spoof version in earlier time">
			<title>
				<all>${brand_bostondynamics}</all>
			</title>
			<description>
				<de>Ihr freundlicher Militärdienstleister mit den niedlichen Killerrobotern von nebenan.</de>
				<en>Your friendly military service provider next door with the cute killer robots.</en>
				<pl>Twój przyjazny dostawca usług wojskowych obok z uroczymi zabójczymi robotami.</pl>
			</description>
			<conditions min_audience="1.04" min_image="0" target_group="0" pro_pressure_groups="0" contra_pressure_groups="0" />
			<data quality="34" repetitions="4" duration="5" profit="1000" penalty="1700" infomercial_profit="103" fix_infomercial_profit="1" />
		</ad>
		<ad guid="34f344db-04c1-4858-b1fd-6cca76ff068e" creator="9551" comment="-2010 | https://de.wikipedia.org/wiki/Drachenlord | pre-YouTube version ironically fictional | 'Haider' means 'Hater', not the politician | TODO: english / international versions require something different">
			<title>
				<de>Graf Drache</de>
				<en>Count Dragon</en>
				<pl>Hrabia Smok</pl>
			</title>
			<description>
				<de>\m/ Meddl Loide. Nix für Haider! Der charmante Piratensender aus dem Frankenland mit heißen Tips für den gepflegten Fleischwurst-und-Chipstüten-Lifestyle von heute.</de>
				<en>\m/ Hevvy Meddle peepz. Not for haiderz! The charming pirate radio station from Franconia with hot tips for today's cultivated meat sausage and chip bag lifestyle.</en>
				<pl>\m/ Hevvy Meddle peepz. Urocza piracka stacja radiowa z Frankonii z gorącymi wskazówkami dla współczesnego stylu życia opartego na kiełbasie mięsnej i torebkach z chipsami.</pl>
			</description>
			<conditions min_audience="0.4679" min_image="1" target_group="18" pro_pressure_groups="0" contra_pressure_groups="0" />
			<data quality="12" repetitions="2" duration="4" profit="1600" penalty="1900" infomercial_profit="142" fix_infomercial_profit="1" />
			<availability year_range_to="2010" />
		</ad>
		<ad guid="ee6dcfd2-4f76-4116-9faf-841246a75fb9" creator="9551" comment="2011- | https://de.wikipedia.org/wiki/Drachenlord">
			<title>
				<de>Graf Drache</de>
				<en>Count Dragon</en>
				<pl>Hrabia Smok</pl>
			</title>
			<description>
				<de>\m/ Meddl Loide. Nix für Haider! Der charmante {brand_youtube}-Kanal aus dem Frankenland mit heißen Tips für den gepflegten Fleischwurst-und-Chipstüten-Lifestyle von heute.</de>
				<en>\m/ Hevvy Meddle peepz. Not for haiderz! The charming {brand_youtube} channel from Franconia with hot tips for today's cultivated meat sausage and chip bag lifestyle.</en>
				<pl>\m/ Hevvy Meddle peepz. Uroczy kanał {brand_youtube} z Frankonii z gorącymi wskazówkami dotyczącymi dzisiejszego stylu życia opartego na kiełbasie mięsnej i torebkach z chipsami.</pl>
			</description>
			<conditions min_audience="0.4679" min_image="1" target_group="18" pro_pressure_groups="0" contra_pressure_groups="0" />
			<data quality="12" repetitions="2" duration="4" profit="1600" penalty="1900" infomercial_profit="142" fix_infomercial_profit="1" />
			<availability year_range_from="2011" />
		</ad>
		<ad guid="ee9663fe-ea29-4ec1-910f-ff54133991e2" creator="9551" comment="Initech - https://en.wikipedia.org/wiki/Office_Space | https://imgflip.com/memegenerator/That-Would-Be-Great | description probably too long to fit in, but that's fine for wall-of-text-effect | TODO: German version translated, should be quoted from the movie | TODO: Would like to break 4th wall in description: 'Hello ${PLAYERNAME}'">
			<title>
				<de>${brand_initech} GmbH</de>
				<en>${brand_initech}, LLC</en>
				<pl>${brand_initech}, S.A.</pl>
			</title>
			<description>
				<de>Hallo Zuschauer, was liegt an? Ähm, ich müsste Sie bitten, am Samstag reinzukommen. Wenn Sie also gegen 9 Uhr hier sein könnten, um an den TPS-Berichten zu arbeiten, das wäre großartig, mmmk... oh oh! Und fast hätte ich es vergessen, ahh, ich brauche Sie auch am Sonntag, 'kay. Wir haben diese Woche ein paar Leute verloren, und das müssen wir jetzt irgendwie aufholen.</de>
				<en>Hello viewer, what's happening? Ummm, I'm gonna need you to go ahead come in on Saturday. So if you could be here around 9 to work on the TPS reports, that would be great, mmmk... oh oh! and I almost forgot ahh, I'm also gonna need you to go ahead and come in on Sunday too, kay. We ahh lost some people this week and ah, we sorta need to play catch up.</en>
				<pl>Witaj widzu, co się dzieje? Będę cię potrzebował w sobotę. Więc jeśli mógłbyś być tutaj około 9, aby pracować nad raportami TPS, to byłoby świetnie, mmmk... oh oh! i prawie zapomniałem, ahh, będę również potrzebował, abyś przyszedł w niedzielę, kay. W tym tygodniu straciliśmy kilka osób i musimy nadrobić zaległości.</pl>
			</description>
			<conditions min_audience="28.65" min_image="52" target_group="8" />
			<data infomercial="1" quality="18" repetitions="5" duration="4" profit="156" penalty="290" infomercial_profit="15" fix_infomercial_profit="1" />
		</ad>
		<ad guid="fc5c71a5-9dbe-4dc7-a5bf-3c45de0f62de" creator="9551" comment="https://en.wikipedia.org/wiki/Swingline | https://en.wikipedia.org/wiki/Office_Space | https://imgflip.com/memegenerator/72453974/Office-Space-Stapler">
			<title>
				<all>${brand_swingline} ${brand_riored}</all>
			</title>
			<description>
				<de>„Entschuldigen Sie, ich glaube, Sie haben meinen Tacker.“
Alle wollen unseren knallroten Hochleistungs-Tacker.
Nur von ${brand_swingline}.</de>
				<en>"Excuse me, I believe you have my stapler."
Everyone wants our garish red high performance stapler.
Only from ${brand_swingline}.</en>
				<pl>„Przepraszam, chyba ma pan mój zszywacz”.
Każdy chce mieć nasz jaskrawoczerwony zszywacz o wysokiej wydajności.
Tylko od ${brand_swingline}.</pl>
			</description>
			<conditions min_audience="2.6041" min_image="7" target_group="40" pro_pressure_groups="0" contra_pressure_groups="0" />
			<data quality="12" repetitions="3" duration="2" profit="695" penalty="1150" infomercial_profit="72" fix_infomercial_profit="1" />
		</ad>
		<ad guid="e6e33ac8-6c37-4920-8ad4-dbbd0b3b5d1c" creator="9551" comment="https://en.wikipedia.org/wiki/HP_LaserJet | https://en.wikipedia.org/wiki/Office_Space | https://imgflip.com/memegenerator/31270921/PC-load-letter">
			<title>
				<all>${brand_hp} ${brand_laserjet}</all>
			</title>
			<description>
				<de>PC LOAD LETTERn Sie Ihre TPS-Berichte in unsere modernen Hochleistungsdrucker.</de>
				<en>PC LOAD LETTER your TPS Reports into our modern high performance printers.</en>
				<pl>PC LOAD LETTER raporty TPS do naszych nowoczesnych, wysokowydajnych drukarek.</pl>
			</description>
			<conditions min_audience="18.76" min_image="7" target_group="32" />
			<data infomercial="1" quality="15" repetitions="2" duration="4" profit="210" penalty="339" infomercial_profit="20" fix_infomercial_profit="1" />
		</ad>
		<ad guid="55f86f26-6484-4bf4-bd27-6a004c8c1343" creator="9551" comment="-1990 | https://en.wikipedia.org/wiki/Fuddruckers | https://en.wikipedia.org/wiki/Idiocracy | https://youtu.be/eYb22BLBqGw | also using the brand name progression through time like in the movie, except for the original name and the last finally obviously vulgar version">
			<title>
				<all>${brand_fuddruckers}</all>
			</title>
			<description>
				<de>Die feinsten Burger des Planeten.</de>
				<en>The finest burgers on the planet.</en>
				<pl>Najlepsze burgery na świecie.</pl>
			</description>
			<conditions min_audience="15.6293" min_image="12" target_group="2" pro_pressure_groups="0" contra_pressure_groups="0" />
			<data quality="15" repetitions="1" duration="2" profit="240" penalty="350" infomercial_profit="37" fix_infomercial_profit="1" />
			<availability year_range_to="1990" />
		</ad>
		<ad guid="d3f47c5f-636d-4978-b4b4-c5673824e504" creator="9551" comment="1991 - 2010 | https://en.wikipedia.org/wiki/Fuddruckers | https://en.wikipedia.org/wiki/Idiocracy">
			<title>
				<all>Futtbuckers</all>
			</title>
			<description>
				<de>Die feinsten Burger des Planeten.</de>
				<en>The finest burgers on the planet.</en>
				<pl>Najlepsze burgery na świecie.</pl>
			</description>
			<conditions min_audience="15.6293" min_image="12" target_group="2" pro_pressure_groups="0" contra_pressure_groups="0" />
			<data quality="15" repetitions="1" duration="2" profit="240" penalty="350" infomercial_profit="37" fix_infomercial_profit="1" />
			<availability year_range_from="1991" />
		</ad>
		<ad guid="8c75167f-7155-45ba-9594-8b4fbdfd673c" creator="9551" comment="2011- | https://en.wikipedia.org/wiki/Fuddruckers | https://en.wikipedia.org/wiki/Idiocracy">
			<title>
				<all>Buttruckers</all>
			</title>
			<description>
				<de>Die feinsten Burger des Planeten.</de>
				<en>The finest burgers on the planet.</en>
				<pl>Najlepsze burgery na świecie.</pl>
			</description>
			<conditions min_audience="15.6293" min_image="12" target_group="2" pro_pressure_groups="0" contra_pressure_groups="0" />
			<data quality="15" repetitions="1" duration="2" profit="240" penalty="350" infomercial_profit="37" fix_infomercial_profit="1" />
			<availability year_range_from="2011" />
		</ad>
		<ad guid="2651208e-1d21-4d90-968c-9f045c79fcc7" creator="9551" comment="Carl's Jr.: https://en.wikipedia.org/wiki/Carl%27s_Jr. | https://en.wikipedia.org/wiki/Idiocracy | https://youtu.be/5d7SaO0JAHk">
			<title>
				<all>${brand_carlsjr}</all>
			</title>
			<description>
				<de>F**k dich, ich esse!
---${brand_carljr}

Burger vom Holzkohlegrill auf die richtige Art. Jetzt mit Extra Big-Ass Pommes.</de>
				<en>F**k you, I'm eating!
---${brand_carljr}

Char-grilled burgers the right way. Now with Extra Big-Ass Fries.</en>
				<pl>Pie**ol się, jem!
---${brand_carljr}

Burgery z grilla we właściwy sposób. Teraz z frytkami Extra Big-Ass.</pl>
			</description>
			<conditions min_audience="1.3015" min_image="12" target_group="2" pro_pressure_groups="0" contra_pressure_groups="0" />
			<data infomercial="1" quality="25" repetitions="3" duration="2" profit="1050" penalty="1600" infomercial_profit="50" fix_infomercial_profit="1" />
		</ad>
		<ad guid="9175d090-17bd-4786-823a-cc6b0080d480" creator="9551" comment="https://en.wikipedia.org/wiki/Idiocracy | https://youtu.be/ZMHfBobgLSI">
			<title>
				<all>${brand_brawndo}</all>
			</title>
			<description>
				<de>Wie? Ihr trinkt immer noch Wasser!? Das aus der Toilette?
In ${brand_brawndo} steckt was Pflanzen schmeckt. Es enthält Elektrolyte!
${brand_brawndo} - der Durstverstümmler.</de>
				<en>What? You still drink water!? Like from the toilet?
${brand_brawndo}'s got what plants crave. It's got electrolytes!
${brand_brawndo} - the thirst mutilator.</en>
				<pl>Co? Nadal pijesz wodę!? Taką z toalety?
${brand_brawndo} ma to, czego pragną rośliny. Ma elektrolity!
${brand_brawndo} - okaleczacz pragnienia.</pl>
			</description>
			<conditions min_audience="11.46" min_image="7" target_group="2" pro_pressure_groups="0" contra_pressure_groups="0" />
			<data quality="18" repetitions="4" duration="3" profit="320" penalty="400" infomercial_profit="28" fix_infomercial_profit="1" />
		</ad>
		<ad guid="791793cd-94ce-4e36-872c-56dbce7d5970" creator="9551" comment="https://en.wikipedia.org/wiki/Costco | https://en.wikipedia.org/wiki/Idiocracy | https://youtu.be/yH2h5btN9So">
			<title>
				<all>${brand_costco}</all>
			</title>
			<description>
				<de>Willkommen bei ${brand_costco}. Ich liebe euch.
Das gigantische Lager-Warenhaus.

Jetzt im Angebot: Jura-Abschluss in 8 Minuten.</de>
				<en>Welcome To ${brand_costco}. I love you.
The gigantic warehouse retail store.

Now available: Law degree in 8 minutes.</en>
				<pl>Witamy w ${brand_costco}. Kocham Cię.
Gigantyczny sklep detaliczny.

Teraz dostępny: Studia prawnicze w 8 minut.</pl>
			</description>
			<conditions min_audience="0.62" min_image="0" target_group="0" pro_pressure_groups="0" contra_pressure_groups="0" />
			<data quality="9" repetitions="2" duration="3" fix_price="0" profit="1500" penalty="2118" infomercial_profit="118" fix_infomercial_profit="1" />
		</ad>
		<ad guid="41768f4b-5f4d-405f-863b-b321bee23b62" creator="9551" comment="https://en.wikipedia.org/wiki/Starbucks | https://en.wikipedia.org/wiki/Idiocracy | https://youtu.be/yH2h5btN9So | TODO: Starfucks would be too vulgar but a more frivolous spoof name would be good">
			<title>
				<all>${brand_starbucks}</all>
			</title>
			<description>
				<de>Exotischer Kaffee für Männer. Unser „Hot“ Latte und „Full Body“ Latte jetzt mit extra Schaum.</de>
				<en>Exotic coffee for men. Our "hot" latte and "full body" latte now with extra foam.</en>
				<pl>Egzotyczna kawa dla mężczyzn. Nasze latte „hot” i latte „full body” teraz z dodatkową pianką.</pl>
			</description>
			<conditions min_audience="1.3" min_image="4" target_group="256" pro_pressure_groups="0" contra_pressure_groups="0" allowed_genre="8" />
			<data quality="5" repetitions="4" duration="3" profit="1000" penalty="1800" fix_infomercial_profit="1" />
		</ad>
		<ad guid="0a4187c9-676f-4f23-9f92-f25a44ebb884" creator="9551" comment="https://en.wikipedia.org/wiki/Idiocracy | https://i.chzbgr.com/full/5302682112/h79C36BCD/seems-legit">
			<title>
				<de>St. Gott Gedenkkrankenhaus</de>
				<en>St. God's Memorial Hospital</en>
				<pl>Szpital św. Pamięci Boga</pl>
			</title>
			<description>
				<de>In unserem hochmodernen Hospital lindern wir Ihre Beschwerden per Knopfdruck.</de>
				<en>In our ultra-modern hospital, we relieve your symptoms at the touch of a button.</en>
				<pl>W naszym ultranowoczesnym szpitalu łagodzimy objawy za naciśnięciem jednego przycisku.</pl>
			</description>
			<conditions min_audience="5.7301" min_image="12" target_group="64" />
			<data infomercial="1" quality="12" repetitions="3" duration="2" profit="440" penalty="952" infomercial_profit="67" fix_infomercial_profit="1" />
		</ad>
		<ad guid="4e4d90ef-79ca-46d6-a28b-599f6b350c3e" creator="9551" comment="1980-1989 | https://en.wikipedia.org/wiki/Kim_Dotcom | https://www.c64-wiki.de/wiki/Swapper | 1980s version probably not even too fictional">
			<title>
				<all>kimswap</all>
			</title>
			<description>
				<de>Günstige Computerspiele jetzt auch auf einem Schulhof in Ihrer Nähe.

Swapping-Dienstleistungen von Kimmich &amp; Schmitt GmbH &amp; CoKG</de>
				<en>Cheap computer games now available in a school playground near you.

Swapping Services by Kimmich &amp; Schmitt LP LLC</en>
				<pl>Tanie gry komputerowe teraz dostępne na boisku szkolnym w pobliżu.

Usługi wymiany świadczone przez Kimmich &amp; Schmitt Spółka z o.o.</pl>
			</description>
			<conditions min_audience="1.56" min_image="0" target_group="0" />
			<data infomercial="1" quality="11" repetitions="2" duration="1" profit="880" penalty="1129" fix_infomercial_profit="1" />
			<availability year_range_from="1980" year_range_to="1989" />
		</ad>
		<ad guid="90ccc2ae-b6fe-4e36-a036-21ef61ff9d15" creator="9551" comment="1990-1995 | https://en.wikipedia.org/wiki/Kim_Dotcom">
			<title>
				<all>kimphreak</all>
			</title>
			<description>
				<de>Unser dicker Chef kann die Erkennungstöne der Bundespost perfekt nachpfeifen.

Phreaking-Dienstleistungen von Kimmich &amp; Schmitt GmbH &amp; CoKG</de>
				<en>Our chubby boss can whistle the signal beeps of the Bundespost perfectly.

Phreaking Services by Kimmich &amp; Schmitt LP LLC</en>
				<pl>Nasz pucołowaty szef potrafi doskonale gwizdać sygnały dźwiękowe Bundespost.

Usługi phreakingowe świadczone przez Kimmich &amp; Schmitt Spółka z o.o.</pl>
			</description>
			<conditions min_audience="1.56" min_image="0" target_group="0" />
			<data infomercial="1" quality="11" repetitions="2" duration="1" profit="880" penalty="1129" fix_infomercial_profit="1" />
			<availability year_range_from="1990" year_range_to="1995" />
		</ad>
		<ad guid="9de8605c-cd2f-4406-9ba8-4e471834570c" creator="9551" comment="1996-2000 | https://en.wikipedia.org/wiki/Kim_Dotcom">
			<title>
				<all>kimcard</all>
			</title>
			<description>
				<de>Aufgeladene Telefonkarten und Kreditkarten zum halben Preis nur bei uns.

Kimmich &amp; Schmitt Telecards GmbH &amp; CoKG</de>
				<en>Charged phone cards and credit cards at half price only here.

Kimmich &amp; Schmitt Telecards LP LLC</en>
				<pl>Doładowane karty telefoniczne i kredytowe za pół ceny tylko tutaj.

Kimmich &amp; Schmitt Telecards Spółka z o.o.</pl>
			</description>
			<conditions min_audience="1.56" min_image="0" target_group="0" />
			<data infomercial="1" quality="11" repetitions="2" duration="1" profit="880" penalty="1129" fix_infomercial_profit="1" />
			<availability year_range_from="1996" year_range_to="2000" />
		</ad>
		<ad guid="6af447e2-a088-47a8-b6e4-18b284622d04" creator="9551" comment="2001-2004 | https://en.wikipedia.org/wiki/Kim_Dotcom | https://de.wikipedia.org/wiki/Letsbuyit.com | actual name was Kimvestor">
			<title>
				<all>kimvest</all>
			</title>
			<description>
				<de>letzbuythem.komm - Garantierte Börsengewinne auf unserem Portal! Fischen Sie mit unseren KI-Trading-Bots die Schätze aus dem Ramsch der geplatzten Dotcom-Blase.
Kimmich &amp; Schmitt Investments GmbH &amp; CoKG</de>
				<en>letzbuythem.come - Guaranteed stock market profits using our portal! Catch the treasures out of the junk of the burst dotcom bubble with our AI trading bots.
Kimmich &amp; Schmitt Investments LP LLC</en>
				<pl>letzbuythem.come - Gwarantowane zyski giełdowe dzięki naszemu portalowi! Wyłapuj skarby ze śmieci pękniętej bańki dotcomów dzięki naszym botom handlowym AI.
Kimmich &amp; Schmitt Investments Spółka z o.o.</pl>
			</description>
			<conditions min_audience="1.56" min_image="0" target_group="0" />
			<data infomercial="1" quality="11" repetitions="2" duration="1" profit="880" penalty="1129" fix_infomercial_profit="1" />
			<availability year_range_from="2001" year_range_to="2004" />
		</ad>
		<ad guid="4438209f-7391-43fc-8dfc-2d79407b06c3" creator="9551" comment="2005-2018 | https://en.wikipedia.org/wiki/Megaupload | https://en.wikipedia.org/wiki/Mega_(service)">
			<title>
				<all>kimfilez</all>
			</title>
			<description>
				<de>Teilen Sie Ihre Lieblings-HD-ready-Blockbuster-Filme jetzt mit allen Ihren „Freunden“! Vorher aber noch schön umbenennen, damit man sie nicht gleich erkennt, gelle?
kimfilez.komm - ein Angebot der Kimmich &amp; Schmitt GmbH &amp; CoKG</de>
				<en>Share your favorite HD-ready blockbuster films with all your "friends"! But please, do rename them first, so that they won't be recognizable right away, right?
kimfilez.come - a service by Kimmich &amp; Schmitt LP LLC</en>
				<pl>Podziel się swoimi ulubionymi hitami filmowymi w jakości HD ze wszystkimi „przyjaciółmi”! Ale proszę, zmień najpierw ich nazwę, aby nie były od razu rozpoznawalne, prawda?
kimfilez.come - usługa firmy Kimmich &amp; Schmitt Spółka z o.o.</pl>
			</description>
			<conditions min_audience="1.56" min_image="0" target_group="0" />
			<data infomercial="1" quality="11" repetitions="2" duration="1" profit="880" penalty="1129" fix_infomercial_profit="1" />
			<availability year_range_from="2005" year_range_to="2018" />
		</ad>
		<ad guid="5f80ef50-8c69-43c4-b9ba-c251c6fe3cd4" creator="9551" comment="2019- | https://en.wikipedia.org/wiki/Kim_Dotcom | ironically fictional, first 'brand name' again closing the circle">
			<title>
				<all>kimswap</all>
			</title>
			<description>
				<de>Gehen Ihnen Ihre Accounts aus?

SIM-Swapping-Dienste von Kimmich &amp; Schmitt GmbH &amp; CoKG</de>
				<en>Are you running out of accounts?

SIM Swapping Services by Kimmich &amp; Schmitt LP LLC</en>
				<pl>Kończą Ci się konta?

Usługi wymiany kart SIM przez Kimmich &amp; Schmitt Spółka z o.o.</pl>
			</description>
			<conditions min_audience="1.56" min_image="0" target_group="0" />
			<data infomercial="1" quality="11" repetitions="2" duration="1" profit="880" penalty="1129" fix_infomercial_profit="1" />
			<availability year_range_from="2019" />
		</ad>
		<ad guid="e16885da-28e5-4f71-8931-d4ddbcbb7fbd" creator="9551" comment="1980-1986 | PC Tools, Copy II Plus, Copy II PC - https://en.wikipedia.org/wiki/Central_Point_Software">
			<title>
				<all>PC Utils</all>
			</title>
			<description>
				<de>Zeigen Sie dem Kopierschutz den Stinkefinger.

PC Utils von Central Finger Soft.

Mächtige Kopierprogramme und andere Tools für Ihren PC.</de>
				<en>Give copy protection the finger.

PC Utils by Central Finger Soft.

Powerful copy programs and other tools for your PC.</en>
				<pl>Daj palec ochronie przed kopiowaniem.

PC Utils tworzony przez Central Finger Soft.

Potężne programy do kopiowania i inne narzędzia dla komputera.</pl>
			</description>
			<conditions min_audience="20.84" min_image="0" target_group="0" pro_pressure_groups="0" contra_pressure_groups="0" allowed_genre="17" />
			<data quality="38" repetitions="3" duration="6" profit="200" penalty="360" fix_infomercial_profit="1" />
			<availability year_range_from="1980" year_range_to="1986" />
		</ad>
		<ad guid="de4c2660-d438-4646-940c-deaf66580af7" creator="9551" comment="1987-2008 | parody (not in-place spoof) of https://en.wikipedia.org/wiki/McAfee">
			<title>
				<de>McÄffle</de>
				<en>McApee</en>
				<pl>McAfel</pl>
			</title>
			<description>
				<de>Der Virenvernichter für Ihren PC! Jetzt mit in frischem Schlangenöl eingewickelter Deinstallationsroutine.

AntiVirus - von Jonas &amp; McÄffle GmbH &amp; CoKG</de>
				<en>The virus destroyer for your PC! Now with an uninstall routine wrapped in fresh snake oil.

AntiVirus - by Jonas &amp; McApee LP LLC</en>
				<pl>Niszczyciel wirusów dla twojego komputera! Teraz z procedurą odinstalowywania owiniętą w świeży olej z węża.

AntiVirus - Jonas &amp; McAfel Spółka z o.o.</pl>
			</description>
			<conditions min_audience="20.84" min_image="0" target_group="0" pro_pressure_groups="0" contra_pressure_groups="0" allowed_genre="17" />
			<data quality="38" repetitions="3" duration="6" profit="200" penalty="360" fix_infomercial_profit="1" />
			<availability year_range_from="1987" year_range_to="2008" />
		</ad>
		<ad guid="e3050f5f-83e3-49cb-8773-eba0b2418f3c" creator="9551" comment="2009- | https://en.wikipedia.org/wiki/McAfee">
			<title>
				<de>McÄffle VPN</de>
				<en>McApee VPN</en>
				<pl>McAfel VPN</pl>
			</title>
			<description>
				<de>Ihr Anschnallgurt für die Reise auf der Datenautobahn ins Darknet.

VPN-Dienstleistungen von Jonas &amp; McÄffle GmbH &amp; CoKG</de>
				<en>Your safety belt for the journey on the information highway into the Darknet.

VPN Services from Jonas &amp; McApee LP LLC</en>
				<pl>Twój pas bezpieczeństwa podczas podróży autostradą informacyjną do Darknetu.

Usługi VPN od Jonas &amp; McApee Spółka z o.o.</pl>
			</description>
			<conditions min_audience="20.84" min_image="0" target_group="0" pro_pressure_groups="0" contra_pressure_groups="0" allowed_genre="17" />
			<data quality="38" repetitions="3" duration="6" profit="200" penalty="360" fix_infomercial_profit="1" />
			<availability year_range_from="2009" />
		</ad>
		<ad guid="231c932d-eae7-4c37-9d33-46ffb5f7a998" creator="9551" comment="parody (not in-place spoof) of https://en.wikipedia.org/wiki/Chaos_Computer_Club | https://duckduckgo.com/?q=%22da+war+wohl+der+zensor+pinkeln%22">
			<title>
				<all>kaos klabauter klub</all>
			</title>
			<description>
				<de>Endlich normale Leute! Die galaktische Gemeinschaft von Lebewesen, benannt nach der Göttin der... Moment mal, wer hat denn den Namen ausgesucht, sagt mal habt ihr sie noch alle!? Da war wohl der Zensor pinkeln.</de>
				<en>Finally normal people! The galactic community of living beings, named after the goddess of... Wait a minute, who chose that name, have you all lost your marbles!? The censor must have gone for a pee.</en>
				<pl>Wreszcie normalni ludzie! Galaktyczna społeczność żywych istot, nazwana na cześć bogini... Chwileczkę, kto wybrał tę nazwę, czy wszyscy straciliście zmysły!? Cenzor chyba poszedł się odlać.</pl>
			</description>
			<conditions min_audience="0.7805" min_image="0" target_group="0" pro_pressure_groups="0" contra_pressure_groups="0" />
			<data infomercial="1" quality="15" repetitions="2" duration="3" profit="1333" penalty="1716" infomercial_profit="90" fix_infomercial_profit="1" />
		</ad>
		<ad guid="623d4599-fe8f-44a6-8a5c-62d1c043aab0" creator="9551" comment="https://de.wikipedia.org/wiki/Fefes_Blog | https://duckduckgo.com/?q=%22einmal+mit+profis+arbeiten%22 | https://duckduckgo.com/?q=%22einmal+mit+profis+arbeiten%22+site%3Ablog.fefe.de | no different versions for previous times intended for the 'Consulting' variation for now, Fefe is eternal :)">
			<title>
				<all>${.person:"d53dbdff-5cb4-4b3d-b72f-87d0767197f0":"nickname"} Consulting</all>
			</title>
			<description>
				<de>Einmal mit Profis arbeiten.</de>
				<en>Working with professionals for once.</en>
				<pl>Praca z profesjonalistami po raz pierwszy.</pl>
			</description>
			<conditions min_audience="31.26" min_image="7" target_group="32" pro_pressure_groups="0" contra_pressure_groups="0" />
			<data quality="19" repetitions="1" duration="4" profit="146" penalty="220" infomercial_profit="14" fix_infomercial_profit="1" />
		</ad>
		<ad guid="1d528879-5a9d-4328-9b06-750f50bf178b" creator="9551" comment="-2004 | https://de.wikipedia.org/wiki/Fefes_Blog">
			<title>
				<de>${.person:"d53dbdff-5cb4-4b3d-b72f-87d0767197f0":"nickname"}s Kolumne</de>
				<en>${.person:"d53dbdff-5cb4-4b3d-b72f-87d0767197f0":"nickname"}'s Column</en>
				<pl>Kolumna ${.person:"d53dbdff-5cb4-4b3d-b72f-87d0767197f0":"nickname"}</pl>
			</title>
			<description>
				<de>Euer tägliches Medienkompetenztraining mit den zynischen Kommentaren zu den Geschehnissen in Tech und Politik. Die besten der besten der besten, Sir! Jetzt mit Sportteil.</de>
				<en>Your daily media skills training with the cynical commentary on what's happening in tech and politics. The best of the best of the best, sir! Now with a sports section.</en>
				<pl>Codzienny trening umiejętności medialnych z cynicznym komentarzem na temat tego, co dzieje się w technologii i polityce. Najlepsi z najlepszych, sir! Teraz z sekcją sportową.</pl>
			</description>
			<conditions min_audience="1.82" min_image="0" target_group="0" />
			<data infomercial="1" quality="20" repetitions="3" duration="5" profit="750" penalty="900" fix_infomercial_profit="1" />
			<availability year_range_to="2004" />
		</ad>
		<ad guid="47a3719b-130a-4d44-89af-ad95b58cda1a" creator="9551" comment="2005- | https://de.wikipedia.org/wiki/Fefes_Blog | https://duckduckgo.com/?q=%22alles+finden+die+raus%22">
			<title>
				<de>${.person:"d53dbdff-5cb4-4b3d-b72f-87d0767197f0":"nickname"}s Blog</de>
				<en>${.person:"d53dbdff-5cb4-4b3d-b72f-87d0767197f0":"nickname"}'s Blog</en>
				<pl>Blog ${.person:"d53dbdff-5cb4-4b3d-b72f-87d0767197f0":"nickname"}</pl>
			</title>
			<description>
				<de>Euer tägliches Medienkompetenztraining. Das beliebteste Blog aller Zeiten, wie man aus euren Internetdaten ermitteln kann. Das hat nämlich die CIA herausgefunden. Die finden ja alles raus. Alles finden die raus.</de>
				<en>Your daily media skills training. The most popular blog of all time, as it can be determined from your internet data. In fact, that's what the CIA found out. They find out just about everything. Everything they find out.</en>
				<pl>Twój codzienny trening umiejętności medialnych. Najpopularniejszy blog wszech czasów, jak można ustalić na podstawie danych internetowych. W rzeczywistości to właśnie odkryła CIA. Oni dowiadują się prawie wszystkiego. Wszystkiego, czego się dowiedzą.</pl>
			</description>
			<conditions min_audience="1.82" min_image="0" target_group="0" />
			<data infomercial="1" quality="20" repetitions="3" duration="5" profit="750" penalty="900" fix_infomercial_profit="1" />
			<availability year_range_from="2005" />
		</ad>
		<ad guid="cb535e3b-9778-41d3-8077-11acf625265d" creator="9551" comment="1981-1997 | https://en.wikipedia.org/wiki/CompuServe | then bought by AOL | Slogan created with help of ChatGPT">
			<title>
				<all>${brand_compuserve}</all>
			</title>
			<description>
				<de>Dial-up Delight! Mach dich bereit für den langsamsten und teuersten Surf der Stadt!</de>
				<en>Dial-up Delight! Get ready for the slowest and costliest surf in town!</en>
				<pl>Rozkoszne połączenia telefoniczne! Przygotuj się na najwolniejsze i najdroższe surfowanie w mieście!</pl>
			</description>
			<conditions min_audience="6.77" min_image="0" target_group="0" pro_pressure_groups="0" contra_pressure_groups="0" />
			<data infomercial="1" quality="20" repetitions="5" duration="2" profit="450" penalty="1000" infomercial_profit="124" fix_infomercial_profit="1" />
			<availability year_range_from="1981" year_range_to="1997" />
		</ad>
		<ad guid="0120f9b5-e60a-4e03-a4dd-971b7fe4d399" creator="9551" comment="1998- | https://en.wikipedia.org/wiki/AOL | TODO: Make reference: English version is quoting title of the film 7d76d4b1-33e9-4130-b064-b04dd17ca454 that was based on the popular slogan in the US">
			<title>
				<all>${brand_aol}</all>
			</title>
			<description>
				<de>Jetzt weltweit! Wir schmeißen Ihnen eine Gratis-CD-ROM nach der anderen hinterher, bis endlich auch die letzten Boomer wie Sie drin sind. Ist ja so simpel - ${brand_aol}.</de>
				<en>New E-Mail in Your Inbox - now world-wide! Bringing you the internet, one free CD at a time.</en>
				<pl>Nowa wiadomość e-mail w skrzynce odbiorczej - teraz na całym świecie! Przynosimy ci internet, jedną darmową płytę CD na raz.</pl>
			</description>
			<conditions min_audience="6.77" min_image="0" target_group="0" pro_pressure_groups="0" contra_pressure_groups="0" />
			<data infomercial="1" quality="20" repetitions="5" duration="2" profit="450" penalty="1000" infomercial_profit="124" fix_infomercial_profit="1" />
			<availability year_range_from="1998" />
		</ad>
		<ad guid="057282e1-d2d2-471c-b6b9-ff2f63336145" creator="9551" comment="-1989 | https://cyber.equipment/">
			<title>
				<all>CYBER</all>
			</title>
			<description>
				<de>Brauchen Sie mehr CYBER? Unsere CYBER-Experten cybern Ihre CYBER-Security auf 11! Damit Sie allzeit sicher sind vor CYBER-Crime und CYBER-Angriffen!
Wir sind jetzt auch im CYBER-Space mit unserer Mailbox. Dial in: 555-CYBER-CYBER</de>
				<en>Do you need more CYBER? Our CYBER experts cyberize your CYBER security to 11! Keeping you safe from CYBER crime and CYBER attacks at all times!
We are now also in CYBER Space with our BBS. Dial in: 555-CYBER-CYBER</en>
				<pl>Czy potrzebujesz więcej CYBER? Nasi eksperci CYBER zwiększają bezpieczeństwo CYBER do 11! Zapewniając bezpieczeństwo przed przestępczością CYBER i atakami CYBER przez cały czas!
Jesteśmy teraz również w CYBERprzestrzeni z naszym BBS. Wybierz numer: 555-CYBER-CYBER</pl>
			</description>
			<conditions min_audience="1.8225" min_image="7" target_group="40" pro_pressure_groups="0" contra_pressure_groups="0" />
			<data quality="8" repetitions="4" duration="2" profit="820" penalty="1101" infomercial_profit="85" fix_infomercial_profit="1" />
			<availability year_range_to="1989" />
		</ad>
		<ad guid="d3f328c6-33d3-4b10-950b-ec0159e4957b" creator="9551" comment="1990-1996 | https://cyber.equipment/">
			<title>
				<all>CYBER</all>
			</title>
			<description>
				<de>Brauchen Sie mehr CYBER? Unsere CYBER-Experten cybern Ihre CYBER-Security auf 11! Damit Sie allzeit sicher sind vor CYBER-Crime und CYBER-Angriffen!
Wir sind auch im CYBER-Space auf ${brand_compuserve} mit allerlei Gadgets und Schnickschnack: GO GO CYBER CYBER</de>
				<en>Do you need more CYBER? Our CYBER experts cyberize your CYBER security to 11! Keeping you safe from CYBER crime and CYBER attacks at all times!
We are also in CYBER Space on ${brand_compuserve} with all kinds of gears and gadgets: GO GO CYBER CYBER</en>
				<pl>Czy potrzebujesz więcej CYBER? Nasi eksperci CYBER zwiększają bezpieczeństwo CYBER do 11! Zapewniając bezpieczeństwo przed przestępstwami i atakami CYBER przez cały czas!
Jesteśmy również w CYBER Space na ${brand_compuserve} z wszelkiego rodzaju sprzętem i gadżetami: GO GO CYBER CYBER</pl>
			</description>
			<conditions min_audience="1.8225" min_image="7" target_group="40" pro_pressure_groups="0" contra_pressure_groups="0" />
			<data quality="8" repetitions="4" duration="2" profit="820" penalty="1101" infomercial_profit="85" fix_infomercial_profit="1" />
			<availability year_range_from="1990" year_range_to="1996" />
		</ad>
		<ad guid="6d7f8f5f-8197-42c9-8070-3faab61b087a" creator="9551" comment="1997- | https://cyber.equipment/">
			<title>
				<all>CYBER</all>
			</title>
			<description>
				<de>Brauchen Sie mehr CYBER? Unsere CYBER-Experten cybern Ihre CYBER-Security auf 11! Damit Sie allzeit sicher sind vor CYBER-Crime und CYBER-Angriffen!
Wir sind auch im CYBER-Space! Besuchen Sie unsere CYBERWeb-Seite auf cyber://cyber.cyber</de>
				<en>Do you need more CYBER? Our CYBER experts cyberize your CYBER security to 11! Keeping you safe from CYBER crime and CYBER attacks at all times!
We are also in CYBER Space! Visit us our CYBERWeb page at cyber://cyber.cyber</en>
				<pl>Czy potrzebujesz więcej CYBER? Nasi eksperci CYBER zwiększają bezpieczeństwo CYBER do 11! Zapewniając bezpieczeństwo przed przestępczością CYBER i atakami CYBER przez cały czas!
Jesteśmy również w przestrzeni CYBER! Odwiedź naszą stronę CYBERWeb pod adresem cyber://cyber.cyber</pl>
			</description>
			<conditions min_audience="1.8225" min_image="7" target_group="40" pro_pressure_groups="0" contra_pressure_groups="0" />
			<data quality="8" repetitions="4" duration="2" profit="820" penalty="1101" infomercial_profit="85" fix_infomercial_profit="1" />
			<availability year_range_from="1997" />
		</ad>
		<ad guid="e61220d6-f898-489c-bc2f-efe08556ef2b" creator="9551" comment="https://en.wikipedia.org/wiki/Prada | inspired by film title 3019fa91-7768-437d-896f-a24dd5956bec | Slogan partly by ChatGPT">
			<title>
				<all>${brand_prada}</all>
			</title>
			<description>
				<de>Where Fashion Meets Fortune.
Von Satan persönlich empfohlen.</de>
				<en>Where Fashion Meets Fortune.
Recommended by Satan himself.</en>
				<pl>Gdzie moda spotyka się z fortuną.
Polecany przez samego Szatana.</pl>
			</description>
			<conditions min_audience="5.21" min_image="4" target_group="128" pro_pressure_groups="0" contra_pressure_groups="0" />
			<data quality="14" repetitions="2" duration="2" profit="490" penalty="750" fix_infomercial_profit="1" />
		</ad>
		<ad guid="07e6647f-c8dc-406d-a9bf-90490d7489ce" comment="https://en.wikipedia.org/wiki/Aral_AG | Slogan mirroring dd8f1816-8f10-4b3b-9a67-d46f7bba1394">
			<title>
				<all>${brand_aral}</all>
			</title>
			<description>
				<de>Wir mobilisieren Möglichkeiten.</de>
				<en>We mobilize provisions.</en>
				<pl>Mobilizujemy rezerwy.</pl>
			</description>
			<conditions min_audience="10.42" min_image="0" target_group="0" pro_pressure_groups="0" contra_pressure_groups="0" allowed_genre="7" />
			<data quality="17" repetitions="4" duration="2" profit="325" penalty="1053" fix_infomercial_profit="1" />
		</ad>
		<ad guid="1801ad71-1ba6-4c77-b698-5416560a65ad" creator="9551" comment="https://en.wikipedia.org/wiki/Opel_Manta">
			<title>
				<all>${brand_opel} ${brand_manta}</all>
			</title>
			<description>
				<de>Der neue ${brand_opel} ${brand_manta}. Jetzt noch flachgelegter als Ihre blonde Friseusefreundin auf dem Beifahrersitz und die Witze, die Sie über sie reißen.</de>
				<en>The new ${brand_opel} ${brand_manta}. Now even lower than your blonde hairdresser girlfriend in the passenger seat and the jokes you're cracking about her.</en>
				<pl>Nowy ${brand_opel} ${brand_manta}. Teraz nawet niżej niż twoja blond fryzjerka na siedzeniu pasażera i żarty, które o niej opowiadasz.</pl>
			</description>
			<conditions min_audience="14.07" min_image="0" target_group="0" pro_pressure_groups="0" contra_pressure_groups="0" allowed_genre="2" />
			<data quality="34" repetitions="3" duration="6" profit="250" penalty="300" fix_infomercial_profit="1" />
		</ad>
		<ad guid="874f2587-f51a-461d-bd46-fb4d93d054b5" creator="9551" comment="-1982 | https://en.wikipedia.org/wiki/Pontiac_Firebird | slogan created with help from ChatGPT">
			<title>
				<all>${brand_pontiac} ${brand_firebird}</all>
			</title>
			<description>
				<de>Wer redet von sprechenden Autos? Auch wenn unser sprechendes Modell noch nicht verfügbar ist, die Power spricht für sich. Fahren Sie jetzt Probe mit dem neuesten ${brand_pontiac} ${brand_firebird} Modell.</de>
				<en>Who's talking about speaking cars? Even if our speaking model is not yet available, the power speaks for itself. Test drive the latest ${brand_pontiac} ${brand_firebird} model now.</en>
				<pl>Kto mówi o mówiących samochodach? Nawet jeśli nasz mówiący model nie jest jeszcze dostępny, jego moc mówi sama za siebie. Jazda próbna najnowszym modelem ${brand_pontiac} ${brand_firebird} już teraz dostępna.</pl>
			</description>
			<conditions min_audience="17.19" min_image="0" target_group="0" pro_pressure_groups="0" contra_pressure_groups="0" allowed_genre="2" />
			<data quality="34" repetitions="2" duration="2" profit="240" penalty="340" fix_infomercial_profit="1" />
			<availability year_range_to="1982" />
		</ad>
		<ad guid="0c3715b4-2776-439d-9591-97938c384b2e" creator="9551" comment="1983-2002 | Pontiac Trans Am Firebird: https://en.wikipedia.org/wiki/Pontiac_Firebird_(third_generation) | owned by General Motors, discontinued in 2002">
			<title>
				<all>${brand_pontiac} ${brand_transam} ${brand_firebird}</all>
			</title>
			<description>
				<de>Die dritte Generation. Der Flitzer nicht nur für Kreuzritter der Nacht. Das Scanner-Licht vorne jetzt erhältlich in Regenbogenfarben.</de>
				<en>The third generation. The speedster not just for crusaders of the night. The scanner light at the front is now available in rainbow colors.</en>
				<pl>Trzecia generacja. Speedster nie tylko dla nocnych krzyżowców. Światło skanera z przodu jest teraz dostępne w kolorach tęczy.</pl>
			</description>
			<conditions min_audience="17.19" min_image="0" target_group="0" pro_pressure_groups="0" contra_pressure_groups="0" allowed_genre="2" />
			<data quality="34" repetitions="2" duration="2" profit="240" penalty="340" fix_infomercial_profit="1" />
			<availability year_range_from="1983" year_range_to="2002" />
		</ad>
		<ad guid="ed7ef0fa-435a-4b2a-acbd-f1419cf34ead" creator="9551" comment="2003-2008 | https://en.wikipedia.org/wiki/General_Motors | slogan by ChatGPT">
			<title>
				<all>${brand_generalmotors}</all>
			</title>
			<description>
				<de>Wir bauen die Autos, die fast so lange halten wie unsere Vorstandssitzungen.</de>
				<en>Making the cars that last almost as long as our board meetings.</en>
				<pl>Tworzenie samochodów trwa prawie tak długo, jak nasze spotkania zarządu.</pl>
			</description>
			<conditions min_audience="17.19" min_image="0" target_group="0" pro_pressure_groups="0" contra_pressure_groups="0" allowed_genre="2" />
			<data quality="34" repetitions="2" duration="2" profit="240" penalty="340" fix_infomercial_profit="1" />
			<availability year_range_from="2003" year_range_to="2008" />
		</ad>
		<ad guid="c60f4f8e-a71b-4c4b-a6fd-81db42928e6a" creator="9551" comment="2009- | https://en.wikipedia.org/wiki/General_Motors | post financial crisis edition | slogan by ChatGPT">
			<title>
				<all>${brand_generalmotors}</all>
			</title>
			<description>
				<de>Belastbarkeit in Bewegung - mit einer Prise Unterstützung durch den Steuerzahler.</de>
				<en>Resilience in motion - with a dash of taxpayer support.</en>
				<pl>Odporność w ruchu - z odrobiną wsparcia podatników.</pl>
			</description>
			<conditions min_audience="17.19" min_image="0" target_group="0" pro_pressure_groups="0" contra_pressure_groups="0" allowed_genre="2" />
			<data quality="34" repetitions="2" duration="2" profit="240" penalty="340" fix_infomercial_profit="1" />
			<availability year_range_from="2009" />
		</ad>
		<ad guid="88342e7d-cb1e-4b10-b643-23a858d53192" creator="9551" comment="-2009 | parody (not in-place spoof) of https://en.wikipedia.org/wiki/Magic:_The_Gathering | https://en.wikipedia.org/wiki/Mt._Gox | https://en.bitcoin.it/wiki/Alpaca | pre-2010 version ironically fictional">
			<title>
				<all>MtSox</all>
			</title>
			<description>
				<de>Besucht die |b|M|/b|ystic |b|t|/b|he |b|S|/b|ummoning |b|O|/b|ffline E|b|x|/b|change!
Trödelladen und Tauschbörse für Spielkarten und Tabletop-Zubehör jetzt auch in eurer Nähe.
Neu im Angebot aufgrund nicht endender Nachfragen: Socken! Natürlich aus feinster Alpaka-Wolle.</de>
				<en>Visit the |b|M|/b|ystic |b|t|/b|he |b|S|/b|ummoning |b|O|/b|ffline E|b|x|/b|change!
The junk store and exchange for playing cards and tabletop accessories now also in your area.
New on offer due to never-ending inquiries: socks! Made of finest alpaca wool, of course.</en>
				<pl>Odwiedź |b|M|/b|ystic |b|t|/b|he |b|S|/b|ummoning |b|O|/b|ffline E|b|x|/b|change!
Sklep z rupieciami i giełda kart do gry oraz akcesoriów stołowych teraz także w Twojej okolicy.
Nowość w ofercie z powodu niekończących się zapytań: skarpetki! Oczywiście wykonane z najlepszej wełny alpaków.</pl>
			</description>
			<conditions min_audience="2.34" min_image="0" target_group="0" pro_pressure_groups="0" contra_pressure_groups="0" />
			<data quality="17" repetitions="4" duration="2" profit="750" penalty="1498" infomercial_profit="178" fix_infomercial_profit="1" />
			<availability year_range_to="2009" />
		</ad>
		<ad guid="fb4bae6a-8983-4f97-87a8-d0b4a18e7ed9" creator="9551" comment="2010-2014 | parody (not in-place spoof) of https://en.wikipedia.org/wiki/Magic:_The_Gathering | https://en.wikipedia.org/wiki/Mt._Gox | bankruptcy in 2014">
			<title>
				<all>Mt. Sox</all>
			</title>
			<description>
				<de>Besucht die |b|M|/b|ystic |b|t|/b|he |b|S|/b|ummoning |b|O|/b|nline E|b|x|/b|change!
Genau, jetzt endlich auch Online! Wenn schon denn schon: Neben Spielkarten, Trödel und Alpaka-Socken gibt's nun auch frische Cyberbucks zum Kaufen und zum Handeln.</de>
				<en>Visit the |b|M|/b|ystic |b|t|/b|he |b|S|/b|ummoning |b|O|/b|nline E|b|x|/b|change!
That's right, now finally online too! And while we're at it: in addition to playing cards, junk and alpaca socks, there's now also fresh cyberbucks to buy and trade.</en>
				<pl>Odwiedź |b|M|/b|ystic |b|t|/b|he |b|S|/b|ummoning |b|O|/b|nline E|b|x|/b|change!
Zgadza się, teraz także online! A skoro już przy tym jesteśmy: oprócz kart do gry, śmieci i skarpetek z alpaków, dostępne są teraz także świeże cyberdolary do kupienia i wymienienia.</pl>
			</description>
			<conditions min_audience="2.34" min_image="0" target_group="0" pro_pressure_groups="0" contra_pressure_groups="0" />
			<data quality="17" repetitions="4" duration="2" profit="750" penalty="1498" infomercial_profit="178" fix_infomercial_profit="1" />
			<availability year_range_from="2010" year_range_to="2014" />
		</ad>
		<ad guid="1a5350b1-3bcf-4409-980a-9533fb803260" creator="9551" comment="2015- | parody (not in-place spoof) of https://en.wikipedia.org/wiki/Mt._Gox | https://duckduckgo.com/?q=goxcoin | post bankruptcy era ironically fictional | the concept of an NFT existed already in 2015 and earlier, but the term was fully established only around 2018 | however, no idea for a 2015-2018 variation for now">
			<title>
				<all>Soxcoin</all>
			</title>
			<description>
				<de>Der Insolvenzverwalter von Mt. Sox lässt verkünden: Schuldverschreibungen ab jetzt als NFTs verfügbar.
Kaufen Sie Geldsöckchen-JPEGs in den schönsten Formen und Farben!</de>
				<en>The insolvency administrator of Mt. Sox lets it be announced: Debt securities now available as NFTs.
Buy money socks JPEGs in the most beautiful shapes and colors!</en>
				<pl>Zarządca Mt. Sox ogłasza niewypłacalność: Dłużne papiery wartościowe teraz dostępne jako tokeny NFT.
Kup skarpetki pieniężne JPEG w najpiękniejszych kształtach i kolorach!</pl>
			</description>
			<conditions min_audience="2.34" min_image="0" target_group="0" pro_pressure_groups="0" contra_pressure_groups="0" />
			<data quality="17" repetitions="4" duration="2" profit="750" penalty="1498" infomercial_profit="178" fix_infomercial_profit="1" />
			<availability year_range_from="2015" />
		</ad>
		<ad guid="816434cf-de09-4f73-984b-0a79a2987b7b" creator="9551" comment="https://en.wikipedia.org/wiki/Duff_Beer">
			<title>
				<de>${brand_duff} Bier</de>
				<en>${brand_duff} Beer</en>
				<pl>Piwo ${brand_duff}</pl>
			</title>
			<description>
				<de>Sauf dich doof mit dem Gesöff von ${brand_duff}.</de>
				<en>Can't have enough of that fabulous ${brand_duff}.</en>
				<pl>Nie mam dość tego wspaniałego ${brand_duff}.</pl>
			</description>
			<conditions min_audience="3.13" min_image="4" target_group="256" />
			<data infomercial="1" quality="15" repetitions="3" duration="2" profit="640" penalty="890" fix_infomercial_profit="1" />
		</ad>
		<ad guid="87bcafd8-b567-4acd-9f3e-7e62eefb62fb" creator="9551" comment="https://en.wikipedia.org/wiki/Budweiser | ac09552a-75f0-46cc-85ac-c49c232309d2 chose his first screen name after this">
			<title>
				<all>${brand_budweiser}</all>
			</title>
			<description>
				<de>${brandslogan_vierbuddysfuer}. Prost!</de>
				<en>This ${brandslogan_budsfor} you. And that ${brandslogan_budsfor} me. And that ${brandslogan_budsfor} "${.person:"ac09552a-75f0-46cc-85ac-c49c232309d2":"nickname"}" ${.person:"ac09552a-75f0-46cc-85ac-c49c232309d2":"lastname"}. ${brandslogan_thetrinityoftaste}.</en>
				<pl>Ten ${brandslogan_budsfor} ciebie. A ten ${brandslogan_budsfor} mnie. A ten ${brandslogan_budsfor} "${.person:"ac09552a-75f0-46cc-85ac-c49c232309d2":"nickname"}'ego" ${.person:"ac09552a-75f0-46cc-85ac-c49c232309d2":"lastname"}a. ${brandslogan_thetrinityoftaste}.</pl>
			</description>
			<conditions min_audience="6.25" min_image="0" target_group="0" pro_pressure_groups="0" contra_pressure_groups="0" />
			<data quality="16" repetitions="3" duration="2" profit="460" penalty="667" infomercial_profit="42" fix_infomercial_profit="1" />
		</ad>
	</allads>
</tvtdb>