<?xml version="1.0" encoding="utf-8"?>
<tvtdb>
	<version value="3" comment="Data entries by scr0llbaer. TODO: maybe eventually re-introduce 'funny numbers' for production_limit" />

	<!-- fictional people -->

	<insignificantpeople>
		<person guid="3b48670f-99d1-4b8e-b3b4-ea4f70c6571f" first_name="Rolf" last_name="Strock" nick_name="Rolfie" fictional="1" gender="1" country="D" job="69" birthday="1945-03-03" deathday="2020-07-06" creator="9551" comment="spoof of (or the daddy of) https://en.wikipedia.org/wiki/Ralph_Stock | real version: 35af32a6-1c2a-4e3c-ae3c-d5786dd357df" />
		<person guid="82d81b92-29ee-420e-82b2-a4690a1679db" first_name="Hauke" last_name="Strahlemann" nick_name="Strahli" fictional="1" gender="1" country="D" job="200" birthday="1951-06-21" deathday="2021-12-21" creator="9551" comment="" />
		<person guid="8565d7d6-7c8d-447f-acd7-5dc65f073bec" first_name="Penelope" last_name="Truthseeker" nick_name="Trutherpenny" gender="2" birthday="1931-09-11" deathday="2012-12-21" country="GB" job="137" fictional="1" creator="9551" />
	</insignificantpeople>

	<!-- fictional programme entries -->

	<allprogrammes>
		<programme guid="f95058fe-1d4e-4d93-83f6-e33ae06ed346" product="2" licence_type="3" fictional="1" creator="9551" comment="Inspired from programme in MadTV">
			<title>
				<de>Das alte Nepal</de>
				<en>Ancient Nepal</en>
				<pl>Starożytny Nepal</pl>
			</title>
			<description>
				<de>Steaks, Bier und Zigaretten waren die Hauptnahrungsmittel im alten Nepal.

Format: Abgefilmte Vorträge. Unaufgeregt und Unaufregend.</de>
				<en>Steaks, beer and cigarettes were the main staples in ancient Nepal.

Format: Filmed lectures. Laid-back and to lay down.</en>
				<pl>Steki, piwo i papierosy były podstawowymi produktami w starożytnym Nepalu.

Format: Filmowane wykłady. Na luzie i do leżenia.</pl>
			</description>
			<staff>
				<member index="0" function="5">3b48670f-99d1-4b8e-b3b4-ea4f70c6571f</member>
			</staff>
			<groups target_groups="68" pro_pressure_groups="0" contra_pressure_groups="0" />
			<targetgroupattractivity men="0.5" />
			<data country="NL" distribution="2" maingenre="6" subgenre="103,300" flags="4" blocks="1" price_mod="0.5" />
			<releaseTime year_relative="-15" year_relative_min="1970" year_relative_max="1995" />
			<ratings critics="21" speed="3" outcome="9" />
			<children>
				<programme guid="1fc5dff9-f72d-40c9-938f-990a3875603b" product="2" licence_type="2" creator="9551">
					<title>
						<de>Steaks</de>
						<en>Steaks</en>
						<pl>Steki</pl>
					</title>
					<description>
						<de>Steaks waren eins der Hauptnahrungsmittel im alten Nepal.</de>
						<en>Steaks were one of the main staples in ancient Nepal.</en>
						<pl>Steki były jednym z głównych produktów w starożytnym Nepalu.</pl>
					</description>
				</programme>
				<programme guid="78656b84-7730-420f-b85c-7d05fc259b70" product="2" licence_type="2" creator="9551">
					<title>
						<de>Bier</de>
						<en>Beer</en>
						<pl>Piwo</pl>
					</title>
					<description>
						<de>Bier war eins der Hauptnahrungsmittel im alten Nepal.</de>
						<en>Beer was one of the main staples in ancient Nepal.</en>
						<pl>Piwo było jednym z podstawowych produktów w starożytnym Nepalu.</pl>
					</description>
				</programme>
				<programme guid="b5ed35d3-7618-4368-a7b8-60d453bee37d" product="2" licence_type="2" creator="9551">
					<title>
						<de>Zigaretten</de>
						<en>Cigarettes</en>
						<pl>Papierosy</pl>
					</title>
					<description>
						<de>Zigaretten war eins der Hauptnahrungsmittel im alten Nepal.</de>
						<en>Cigarettes were one of the main staples in ancient Nepal.</en>
						<pl>Papierosy były jednym z głównych artykułów spożywczych w starożytnym Nepalu.</pl>
					</description>
				</programme>
			</children>
		</programme>
		<programme guid="89507f2c-f6e9-4d63-bf32-657a280f72c3" product="2" licence_type="3" fictional="1" creator="9551" comment="Inspired from programme in MadTV">
			<title>
				<de>Wohnen am Atomkraftwerk</de>
				<en>Living Next to a Nuclear Power Plant</en>
				<pl>Życie w pobliżu elektrowni jądrowej</pl>
			</title>
			<description>
				<de>Immer weniger Menschen wollen noch auf die Vorteile eines modernen Reaktors verzichten.</de>
				<en>Fewer and fewer people are willing to forego the advantages of a modern reactor.</en>
				<pl>Coraz mniej osób jest skłonnych zrezygnować z zalet nowoczesnego reaktora.</pl>
			</description>
			<staff>
				<member index="0" function="5">3b48670f-99d1-4b8e-b3b4-ea4f70c6571f</member>
				<member index="1" function="128">82d81b92-29ee-420e-82b2-a4690a1679db</member>
			</staff>
			<groups target_groups="288" pro_pressure_groups="0" contra_pressure_groups="0" />
			<targetgroupattractivity women="0.5" />
			<data country="DK" year="1971" distribution="2" maingenre="300" subgenre="6" flags="4" blocks="1" price_mod="0.5" />
			<ratings critics="33" speed="31" outcome="12" />
			<children>
				<programme guid="3b56f810-64c1-49e6-8540-274098947b10" product="2" licence_type="2" creator="9551">
					<title>
						<all>Three Mile Island</all>
					</title>
					<description>
						<de>In Pennsylvania entsteht eine der modernsten und sichersten Anlagen. Wir waren vor Ort.</de>
						<en>One of the most modern and safest plants is being built in Pennsylvania. We were on site.</en>
						<pl>Jedna z najnowocześniejszych i najbezpieczniejszych fabryk powstaje w Pensylwanii. Byliśmy na miejscu.</pl>
					</description>
				</programme>
				<programme guid="001f3d7b-ae35-429b-9d47-a690fe6c9958" product="2" licence_type="2" creator="9551">
					<title>
						<de>Tschernobyl</de>
						<en>Chernobyl</en>
						<pl>Czernobyl</pl>
					</title>
					<description>
						<de>In der Oblast Kiew entsteht eine der modernsten und sichersten Anlagen. Wir waren vor Ort.</de>
						<en>One of the most modern and safest plants is being built in Kiev Oblast. We were on site.</en>
						<pl>Jedna z najnowocześniejszych i najbezpieczniejszych elektrowni powstaje w obwodzie kijowskim. Byliśmy na miejscu.</pl>
					</description>
				</programme>
				<programme guid="71956dc0-4fbb-4e9a-ac62-a0821eea04bd" product="2" licence_type="2" creator="9551">
					<title>
						<all>Fukushima</all>
					</title>
					<description>
						<de>Auf der japanischen Hauptinsel Honshū entsteht eine der modernsten und sichersten Anlagen. Wir waren vor Ort.</de>
						<en>One of the most modern and safest plants is being built on the main Japanese island of Honshū. We were on site.</en>
						<pl>Jedna z najnowocześniejszych i najbezpieczniejszych elektrowni powstaje na głównej japońskiej wyspie Honshū. Byliśmy na miejscu.</pl>
					</description>
				</programme>
			</children>
		</programme>
		<programme guid="dcf404f3-7f17-4f4f-83cd-83626951a4f0" product="4" licence_type="1" fictional="1" creator="9551">
			<title>
				<de>Dynamit - Das Magazin Live: Hochzeit von ${.self:"cast":3:"firstname"} und ${.self:"cast":2:"fullname"}</de>
				<en>Dynamite - The Magazine Live: Wedding of ${.self:"cast":3:"firstname"} and ${.self:"cast":2:"fullname"}</en>
				<pl>Dynamit - Magazyn na żywo: Ślub ${.self:"cast":3:"firstname"} i ${.self:"cast":2:"fullname"}</pl>
			</title>
			<description>
				<de>Der 53-jährige Fürst ${.self:"cast":2:"fullname"} und die 20-jährige Punk-Pinzessin ${.self:"cast":3:"firstname"} heiraten in Regensburg, ja kann das gut gehen? Wie schön ist's im Schloss? Ist es wirklich Liebe? Braucht der Fürst Hilfsmittel zum Schnackseln? Fragen über Fragen.</de>
				<en>The 53-year-old Prince ${.self:"cast":2:"fullname"} and the 20-year-old Punk Princess ${.self:"cast":3:"firstname"} get married in Regensburg, can that go well? How beautiful is it in the castle? Is it really love? Does the prince need aids for bonking? Questions upon questions.</en>
				<pl>53-letni książę ${.self:"cast":2:"fullname"} i 20-letnia księżniczka ${.self:"cast":3:"firstname"} biorą ślub w Ratyzbonie, czy to może się udać? Jak pięknie jest w zamku? Czy to naprawdę miłość? Czy książę potrzebuje pomocy przy bzykaniu? Pytania za pytaniami</pl>
			</description>
			<staff>
				<member index="0" function="5">cebd1a68-cf97-4b93-b3f9-ac34bda4bdcc</member>
				<member index="1" function="136">88ba23dc-d4f1-4c77-9ddf-8dbf4a4ce3b2</member>
				<member index="2" function="64">9d987fbb-99c3-47b8-82c3-227461b6762c</member>
				<member index="3" function="64">64828f7e-a96b-4bb3-85c6-477ebe408d05</member>
			</staff>
			<groups target_groups="68" pro_pressure_groups="0" contra_pressure_groups="0" />
			<targetgroupattractivity men="0.75" />
			<data country="D" distribution="2" maingenre="301" subgenre="6,15" flags="17" blocks="6" price_mod="0.5" />
			<releaseTime year="1980" day="5" hour="10" />
			<ratings critics="15" speed="30" outcome="60" />
			<modifiers>
				<modifier name="topicality::notLive" value="0.25" />
			</modifiers>
		</programme>
		<programme guid="583955ef-3acf-42bf-991e-b1c169583780" product="4" licence_type="1" fictional="1" creator="9551">
			<title>
				<de>Dynamit - Das Magazin Live: Hochzeit von ${.self:"cast":2:"nickname"} und ${.self:"cast":3:"nickname"}</de>
				<en>Dynamite - The Magazine Live: Wedding of ${.self:"cast":2:"nickname"} and ${.self:"cast":3:"nickname"}</en>
				<pl>Dynamit - Magazyn na żywo: Ślub ${.self:"cast":2:"nickname"} i ${.self:"cast":3:"nickname"}</pl>
			</title>
			<description>
				<de>In der Westminster Abbey ist nicht genug Platz. Der 32-jährige ${.self:"cast":2:"nickname"} und die 20-jährige ${.self:"cast":3:"nickname"} heiraten daher in der Londoner St Paul's Cathedral. Ja kann das gut gehen? Ex-Model ${.self:"cast":1:"fullname"} berichtet live.</de>
				<en>There is not enough space in Westminster Abbey. So 32-year-old ${.self:"cast":2:"nickname"} and 20-year-old ${.self:"cast":3:"nickname"} get married in London's St Paul's Cathedral. Can that go well? Ex-model ${.self:"cast":1:"fullname"} reports live.</en>
				<pl>W Opactwie Westminsterskim nie ma wystarczająco dużo miejsca. 32-letni ${.self:"cast":2:"nickname"} i 20-letnia ${.self:"cast":3:"nickname"} biorą więc ślub w londyńskiej katedrze św. Pawła. Czy to się uda? Była modelka ${.self:"cast":1:"fullname"} relacjonuje na żywo.</pl>
			</description>
			<staff>
				<member index="0" function="5">cebd1a68-cf97-4b93-b3f9-ac34bda4bdcc</member>
				<member index="1" function="136">88ba23dc-d4f1-4c77-9ddf-8dbf4a4ce3b2</member>
				<member index="2" function="64">28fe86a0-74ca-43a7-bc49-d3bd4df7c4d3</member>
				<member index="3" function="64">4623935a-750a-4e5a-9d1b-6875062ff2a8</member>
			</staff>
			<groups target_groups="68" pro_pressure_groups="0" contra_pressure_groups="0" />
			<targetgroupattractivity men="0.75" />
			<data country="D" distribution="2" maingenre="301" subgenre="6,15" flags="17" blocks="6" price_mod="0.5" />
			<releaseTime year="1981" day="7" hour="10" />
			<ratings critics="20" speed="40" outcome="95" />
			<modifiers>
				<modifier name="topicality::notLive" value="0.25" />
			</modifiers>
		</programme>
		<programme guid="7df480c6-93c3-4616-8e76-d3d697f9445f" product="7" licence_type="3" fictional="1" creator="9551" comment="asked ChatGPT for a little help creating this, came back with good results">
			<title>
				<de>Dynamit - Das Magazin Spezial: Im Schloss ${.self:"cast":2:"lastname"}</de>
				<en>Dynamite - The Magazine Special: In the Castle ${.self:"cast":2:"lastname"}</en>
				<pl>Dynamit - Magazyn specjalny: W zamku ${.self:"cast":2:"lastname"}</pl>
			</title>
			<description>
				<de>Das Ex-Model ${.self:"cast":1:"fullname"} hat die junge Fürstin ${.self:"cast":3:"fullname"} im Schloss besucht. Die beiden verstehen sich prächtig und plaudern so manche Geheimnisse aus.</de>
				<en>The ex-model ${.self:"cast":1:"fullname"} has visited the young princess ${.self:"cast":3:"fullname"} in the castle. The two get along splendidly and chat out some secrets.</en>
				<pl>Była modelka ${.self:"cast":1:"fullname"} odwiedziła młodą księżniczkę ${.self:"cast":3:"fullname"} w zamku. Oboje świetnie się dogadują i rozmawiają o sekretach.</pl>
			</description>
			<staff>
				<member index="0" function="5">cebd1a68-cf97-4b93-b3f9-ac34bda4bdcc</member>
				<member index="1" function="136">88ba23dc-d4f1-4c77-9ddf-8dbf4a4ce3b2</member>
				<member index="2" function="64">9d987fbb-99c3-47b8-82c3-227461b6762c</member>
				<member index="3" function="64">64828f7e-a96b-4bb3-85c6-477ebe408d05</member>
			</staff>
			<groups target_groups="68" pro_pressure_groups="0" contra_pressure_groups="0" />
			<targetgroupattractivity men="0.75" />
			<data country="D" year="1984" distribution="2" maingenre="301" subgenre="" flags="0" blocks="1" price_mod="0.25" />
			<ratings critics="19" speed="35" outcome="45" />
			<children>
				<programme guid="f2ba424b-d842-4902-9a8b-1b4e299b856f" product="7" licence_type="2" creator="9551">
					<title>
						<de>${.self:"cast":3:"firstname"} und die Geheimnisse der Samtstrumpfhosen</de>
						<en>${.self:"cast":3:"firstname"} and the Secrets of the Velvet Tights</en>
						<pl>${.self:"cast":3:"firstname"} i sekrety aksamitnych rajstop</pl>
					</title>
					<description>
						<de>Fürstin ${.self:"cast":3:"firstname"} führt die Zuschauer durch ihr Schloss und enthüllt, dass sie überall geheime Fächer mit Samtstrumpfhosen versteckt hat. Sind sie der Schlüssel zum Glanz der 80er?</de>
						<en>Princess ${.self:"cast":3:"firstname"} leads the audience through her castle and reveals that she has hidden secret fans of velvet tights everywhere. Are they the key to the glamour of the 80s?</en>
						<pl>Księżniczka ${.self:"cast":3:"firstname"} oprowadza widzów przez swój zamek i ujawnia, że wszędzie ukryła sekretne wachlarze aksamitnych rajstop. Czy są one kluczem do glamour lat 80-tych?</pl>
					</description>
				</programme>
				<programme guid="0a6d3442-eb31-4025-95ef-ee187922f703" product="7" licence_type="2" creator="9551">
					<title>
						<de>Die Flamingos ${.self:"cast":2:"lastname"}</de>
						<en>The Flamingos ${.self:"cast":2:"lastname"}</en>
						<pl>Flamingi ${.self:"cast":2:"lastname"}</pl>
					</title>
					<description>
						<de>${.self:"cast":3:"firstname"} präsentiert stolz ihren persönlichen Flamingo-Garten, der Gerüchten zufolge für die berühmten „Pink Flamingo“ Partys diente. Die Vögel haben mehr Glamour als man denkt!</de>
						<en>${.self:"cast":3:"firstname"} proudly presents her personal flamingo garden, rumored to have been used for the famous "Pink Flamingo" parties. The birds have more glamour than you think!</en>
						<pl>${.self:"cast":3:"firstname"} z dumą prezentuje swój osobisty ogród flamingów, który podobno był używany na słynnych imprezach „Pink Flamingo”. Ptaki mają więcej uroku niż myślisz!</pl>
					</description>
				</programme>
				<programme guid="edb526e7-ffae-45f6-989b-eebe7cd707b2" product="7" licence_type="2" creator="9551">
					<title>
						<de>Die feurige Disko im Schlosskeller</de>
						<en>The Fiery Disco in the Castle Cellar</en>
						<pl>Ognista dyskoteka w zamkowej piwnicy</pl>
					</title>
					<description>
						<de>Im Keller des Schlosses zeigt ${.self:"cast":3:"firstname"} die 80er-Disko mit lebendigen Diskokugeln und einem DJ-Roboter. Ist sie die heimliche Königin des Nachtlebens?</de>
						<en>In the basement of the castle, ${.self:"cast":3:"firstname"} shows the 80s disco with alive disco balls and a DJ robot. Is she the secret queen of the nightlife?</en>
						<pl>W podziemiach zamku ${.self:"cast":3:"firstname"} pokazuje dyskotekę z lat 80. z żywymi kulami dyskotekowymi i robotem DJ-em. Czy to sekretna królowa nocnego życia?</pl>
					</description>
				</programme>
				<programme guid="2427d269-8b68-4681-9527-32c6ca96f5ca" product="7" licence_type="2" creator="9551">
					<title>
						<de>Der Rosé-Keller der Verschwörung</de>
						<en>The Rosé Cellar of Conspiracy</en>
						<pl>Różana piwnica konspiracji</pl>
					</title>
					<description>
						<de>${.self:"cast":3:"firstname"} enthüllt, dass der Rosé-Keller angeblich geheime Treffen und Verschwörungen beherbergte. Wurde hier über die „Hauspost“ geredet?</de>
						<en>${.self:"cast":3:"firstname"} reveals that the Rosé Cellar allegedly hosted secret meetings and conspiracies. Was it here where all that "house mail" talk happened?</en>
						<pl>${.self:"cast":3:"firstname"} ujawnia, że Piwnica Rosé była rzekomo miejscem tajnych spotkań i spisków. Czy to tutaj miała miejsce cała ta „domowa poczta”?</pl>
					</description>
				</programme>
				<programme guid="dc400f07-99c8-4e8e-b6d2-67093d6ea468" product="7" licence_type="2" creator="9551">
					<title>
						<de>Der Rittersaal der skurrilen Hobbys</de>
						<en>The Knight's Hall of Whimsical Hobbies</en>
						<pl>Rycerska sala kapryśnych hobby</pl>
					</title>
					<description>
						<de>Fürstin „von Taug und Thunix“? Von wegen! ${.self:"cast":3:"firstname"} zeigt den Rittersaal, wo sie Schach gegen Aliens spielt und Einhörner in geheimer Mission dressiert. Warum nicht, wenn man eine Fürstin ist?</de>
						<en>Princess "von Taug und Thunix" - not good for anything? Wrong! ${.self:"cast":3:"firstname"} shows the Knight's Hall, where she plays chess against aliens and trains unicorns on a secret mission. Why not, if you are a princess?</en>
						<pl>Księżniczka „von Taug und Thunix“ - do niczego się nie nadaje? Błąd! ${.self:"cast":3:"firstname"} pokazuje Salę Rycerską, gdzie gra w szachy przeciwko kosmitom i trenuje jednorożce w tajnej misji. Czemu nie, skoro jesteś księżniczką?</pl>
					</description>
				</programme>
			</children>
		</programme>
		<programme guid="1900edf1-c697-4861-ae50-36e31070a652" product="2" licence_type="3" fictional="1" creator="9551" comment="First episode inspired from a MadTV item, everything else made up. TODO: There could be a second part about 2000s era. By Penny's daughter. Rumored to be the daughter of a former US president.">
			<title>
				<de>Eskapaden im Weißen Haus</de>
				<en>Escapades In the White House</en>
				<pl>Eskapady w Białym Domu</pl>
			</title>
			<description>
				<de>Investigativjournalistin „Augenzwinker-Miss ${.self:"cast":1:"nickname"}“ stellt ihre Jahrzehnte lange Arbeit vor und enthüllt die innen- und außenpolitischen Affären der U.S.-Regierung des 20. Jahrhunderts. Exklusive bisher unbekannte Details!</de>
				<en>Investigative journalist "Tongue-in-cheek Miss ${.self:"cast":1:"nickname"}" presents her decades of work and reveals the domestic and foreign affairs of the 20th century U.S. government. Exclusive hitherto undisclosed details!</en>
				<pl>Dziennikarka śledcza „Panna z przymrużeniem oka ${.self:"cast":1:"nickname"}” przedstawia swoje dziesięciolecia pracy i ujawnia wewnętrzne i zagraniczne sprawy rządu USA XX wieku. Ekskluzywne, dotychczas nieujawnione szczegóły!</pl>
			</description>
			<staff>
				<member index="0" function="5">3b48670f-99d1-4b8e-b3b4-ea4f70c6571f</member>
				<member index="1" function="136">8565d7d6-7c8d-447f-acd7-5dc65f073bec</member>
				<!-- index 2: episode 'guests' -->
			</staff>
			<groups target_groups="68" pro_pressure_groups="0" contra_pressure_groups="0" />
			<targetgroupattractivity men="0.75" />
			<data country="CH" year="1980" distribution="2" maingenre="300" subgenre="6,11" flags="4" blocks="1" price_mod="0.25" />
			<ratings critics="46" speed="54" outcome="39" />
			<children>
				<programme guid="cd1e19bb-cce4-4145-b227-3b72555ac705" product="2" licence_type="2" creator="9551">
					<title>
						<de>${.self:"cast":2:"fullname"}s sonniges Arabien</de>
						<en>${.self:"cast":2:"fullname"}'s Sunny Arabia</en>
						<pl>Słoneczna Arabia - Opowiada ${.self:"cast":2:"fullname"}</pl>
					</title>
					<description>
						<de>${.self:"cast":2:"fullname"} erzählt schmutzige arabische Witze - auf arabisch. Mit dieser Aktion sorgt er auf der Veranstaltung „Öl und Islam - sonniges Arabien“ während der Ölkrise für einen Eklat und für diplomatische Schwierigkeiten.</de>
						<en>${.self:"cast":2:"fullname"} tells dirty Arabic jokes - in Arabic. With this stunt at the event "Oil and Islam - Sunny Arabia" during the oil crisis, he causes a scandal and diplomatic difficulties.</en>
						<pl>${.self:"cast":2:"fullname"} opowiada sprośne arabskie dowcipy - po arabsku. Tym wyczynem na imprezie „Ropa i Islam - Słoneczna Arabia” podczas kryzysu naftowego wywołuje skandal i trudności dyplomatyczne.</pl>
					</description>
					<staff>
						<member index="2" function="64">dd6a3d8a-b1ee-4dcc-b3de-94c11c780923</member>
					</staff>
				</programme>
				<programme guid="0383c1fd-94ca-4146-80cc-80d3df9e0914" product="2" licence_type="2" creator="9551">
					<title>
						<de>${.self:"cast":2:"firstname"}s Raygun</de>
						<en>${.self:"cast":2:"firstname"}'s Raygun</en>
						<pl>Raygun od ${.self:"cast":2:"firstname"}</pl>
					</title>
					<description>
						<de>${.self:"cast":2:"fullname"} war mal drauf und dran, einen lupenreinen Amoklauf hinzulegen. Beim Dreh des nie fertiggestellten SciFi-B-Movies „${.self:"cast":2:"firstname"}'s Raygun“ war er so tief in der Rolle drin, dass er eines Feierabends aggressiv durch die Straßen lief.</de>
						<en>${.self:"cast":2:"fullname"} was once about to go on a flawless rampage. While filming the sci-fi B-movie "${.self:"cast":2:"firstname"}'s Raygun" that was never finished, he was so deep into the role that he aggressively ran through the streets one after-work evening.</en>
						<pl>${.self:"cast":2:"fullname"} miał kiedyś wpaść w bezbłędny szał. Podczas kręcenia filmu sci-fi klasy B „${.self:"cast":2:"firstname"}'s Raygun”, który nigdy nie został ukończony, tak bardzo wczuł się w rolę, że pewnego wieczoru po pracy agresywnie biegał po ulicach.</pl>
					</description>
					<staff>
						<member index="2" function="64">e52ca72c-83e2-431d-ae02-c66daefea035</member>
					</staff>
				</programme>
				<programme guid="a84ebdc0-23bd-4e49-8e89-6484367badaa" product="2" licence_type="2" creator="9551">
					<title>
						<de>Der ${.self:"cast":2:"lastname"}-Schock: ${.self:"cast":2:"firstname"} nixt es</de>
						<en>The ${.self:"cast":2:"lastname"} Shock: ${.self:"cast":2:"firstname"} nixes it</en>
						<pl>Szok ${.self:"cast":2:"lastname"}: ${.self:"cast":2:"firstname"} go unieważnia</pl>
					</title>
					<description>
						<de>Viele Nationen baten ${.self:"cast":2:"firstname"}, die überaus populären „KNIX!“-Comichefte im Hort Knix einzulagern, da sie das öffentliche Leben lahmlegten, doch der verschenkt einen Großteil an US-Kinder. Wenn man den Rest zurück haben wolle, müsse man halt Lesezirkel bilden.</de>
						<en>Many nations have asked ${.self:"cast":2:"firstname"} to store the wildly popular "KNIX!" comic books at Hoard Knix because they were disrupting public life, but he gives away a large part to US children. If you want the rest back, well you have to form reading circles.</en>
						<pl>Wiele narodów poprosiło ${.self:"cast":2:"firstname"} o przechowywanie szalenie popularnych komiksów „KNIX!” w Hoard Knix, ponieważ zakłócały one życie publiczne, ale on oddaje dużą część amerykańskim dzieciom. Jeśli chcesz odzyskać resztę, musisz utworzyć kółka czytelnicze.</pl>
					</description>
					<staff>
						<member index="2" function="64">8f485b0c-5270-462b-9bac-698ff6f0cebb</member>
					</staff>
				</programme>
				<programme guid="44a6c9b3-7d87-4a89-97dd-6e7d3d00320b" product="2" licence_type="2" creator="9551">
					<title>
						<de>${.self:"cast":2:"firstname"}'s Liaison</de>
						<en>${.self:"cast":2:"firstname"}'s Liaison</en>
						<pl>Łącznik ${.self:"cast":2:"firstname"}</pl>
					</title>
					<description>
						<de>Bericht aus erster Hand? ${.self:"cast":2:"fullname"} macht mit einer seiner außerehelichen Frauen eine „Spritztour“ auf dem Potomac River in seinem „Amphicar“. Mitten im Akt finden sie sich plötzlich inmitten einer Regatta wieder. Der gegenseitige Überraschungseffekt ist enorm.</de>
						<en>First-hand report? ${.self:"cast":2:"fullname"} takes one of his extramarital women out for a "joyride" on the Potomac River in his "Amphicar." In the middle of the act, they suddenly find themselves in the middle of a regatta. The mutual surprise effect is enormous.</en>
						<pl>Relacja z pierwszej ręki? ${.self:"cast":2:"fullname"} zabiera jedną ze swoich pozamałżeńskich kobiet na „przejażdżkę” po rzece Potomac w swoim „Amfikarze”. W połowie aktu nagle znajdują się w środku regat. Efekt wzajemnego zaskoczenia jest ogromny.</pl>
					</description>
					<staff>
						<member index="2" function="64">d9803dfc-f104-40d4-a385-e3a4adf2ae1a</member>
					</staff>
				</programme>
				<programme guid="088332a3-8534-490f-9f71-fb85c78d41b5" product="2" licence_type="2" creator="9551">
					<title>
						<de>${.self:"cast":2:"firstname"} möchte glauben</de>
						<en>${.self:"cast":2:"firstname"} Wants to Believe</en>
						<pl>${.self:"cast":2:"firstname"} chce wierzyć</pl>
					</title>
					<description>
						<de>${.self:"cast":2:"fullname"} sichtet ein UFO, das in allen Farben schillert und dann vor ihm landet. Heraus steigt das freundliche Erdbusnutter-Alien, das süchtig nach Erde-Erdnussbutter ist. Also zeigt ${.self:"cast":2:"firstname"} ihm seine Erdnussfarm.</de>
						<en>${.self:"cast":2:"fullname"} sights a UFO that glitters in all colors and then lands in front of him. Out climbs the friendly Peabuttnutter Alien who is addicted to Earthen peanut butter. So ${.self:"cast":2:"firstname"} shows him his peanut farm.</en>
						<pl>${.self:"cast":2:"fullname"} dostrzega UFO, które mieni się wszystkimi kolorami, a następnie ląduje przed nim. Na zewnątrz wspina się przyjazny Peabuttnutter Alien, który jest uzależniony od ziemnego masła orzechowego. ${.self:"cast":2:"firstname"} pokazuje mu swoją farmę orzeszków ziemnych.</pl>
					</description>
					<staff>
						<member index="2" function="64">852920e2-2c58-461a-95f8-be9970dccca7</member>
					</staff>
				</programme>
				<programme guid="a1170b5e-9b51-4bc8-be0d-a4338b9fd9ce" product="2" licence_type="2" creator="9551">
					<title>
						<de>${.self:"cast":2:"fullname"}s Sputnik-Schock</de>
						<en>${.self:"cast":2:"fullname"}'s Sputnik Shock</en>
						<pl>Szok Sputnika ${.self:"cast":2:"fullname"}</pl>
					</title>
					<description>
						<de>„${.self:"cast":2:"nickname"}“ fährt gemütlich und stolz auf seinen Deutschland-inspirierten Highways dahin, plötzlich kracht etwas vom Himmel herunter. Welch ein Schock! Kann grad noch ausweichen. Das Ding stellt sich als Hobby-Sonde eines eingewanderten russischen Ingenieurs heraus.</de>
						<en>"${.self:"cast":2:"nickname"}" is driving along comfortably and proudly on his Germany-inspired highways, suddenly something crashes down from the sky. What a shock! He just manages to dodge it. The thing turns out to be an immigrated Russian engineer's amateur probe.</en>
						<pl>"${.self:"cast":2:"nickname"}" jedzie sobie wygodnie i dumnie po swoich inspirowanych Niemcami autostradach, aż tu nagle coś spada z nieba. Co za szok! Udaje mu się zrobić unik. Okazuje się, że jest to amatorska sonda rosyjskiego inżyniera.</pl>
					</description>
					<staff>
						<member index="2" function="64">80b55b19-bce3-442e-be13-cdc15e7aca92</member>
					</staff>
				</programme>
			</children>
		</programme>
		<programme guid="d64fae37-49c0-4ba6-a6b5-ef52b1f9399a" product="1" licence_type="1" fictional="1" creator="9551" comment="'forked' from a51df750-cd95-49be-9d16-ffb8e48513bd | TODO: The Scottish staff doesn't make much sense, separate them out">
			<title>
				<de>Ronny und Byte</de>
				<en>Ronny and Byte</en>
				<pl>Ronny and Byte</pl>
			</title>
			<description>
				<de>Zu einem besonders in Retrospektive fantastischen Synthwave-Soundtrack machen ${.self:"cast":0:"firstname"} und das geheimnisvolle sphärische Energiewesen unbekannter Herkunft Byte, das sich meist in weiblicher Form präsentiert, die Datenautobahnen unsicher.</de>
				<en>To a Synthwave soundtrack that is especially fantastic in retrospective, ${.self:"cast":0:"firstname"} and the mysterious spherical energy being of unknown origin Byte, who presents itself mostly in female form, unsettle the information highways.</en>
				<pl>Synthwave'owa ścieżka dźwiękowa, która jest szczególnie fantastyczna w retrospektywie, ${.self:"cast":0:"firstname"} i tajemnicza kulista istota energetyczna nieznanego pochodzenia Byte, która prezentuje się głównie w kobiecej formie, zakłócają autostrady informacyjne.</pl>
			</description>
			<staff>
				<member index="0" function="7">9104f9c1-7a0f-4bc0-a34c-389ce282eebf</member>
				<member index="1" function="2">3d37e02e-78f2-4749-9de5-429e31b5590b</member>
				<member index="2" function="2">88ba23dc-d4f1-4c77-9ddf-8dbf4a4ce3b2</member>
				<member index="3" function="2">21e88c65-0cc6-4bd1-bd14-b48b6ce25402</member>
				<member index="4" function="2">817052f9-cfbd-415c-a4b4-a225011afcb1</member>
				<member index="5" function="7">Per_custom_Freddy_36</member>
				<member index="6" function="2">Per_custom_Freddy_31</member>
				<member index="7" function="2">Per_custom_Freddy_28</member>
			</staff>
			<groups target_groups="19" pro_pressure_groups="0" contra_pressure_groups="0" />
			<targetgroupattractivity women="1.25" children="2" teenagers="2" housewives="2" employees="1.25" pensioners="2" />
			<data country="SCO/D" distribution="2" maingenre="2" subgenre="15,16" flags="8" blocks="2" price_mod="0.25" />
			<releaseTime year_relative="-1" year_relative_min="1980" year_relative_max="1995" />
			<ratings critics="90" speed="90" outcome="90" />
			<modifiers>
				<modifier name="topicality::age" value="0.5" />
			</modifiers>
			<effects>
				<effect trigger="broadcastFirstTime" type="modifyProgrammeAvailability" enable="1" guid="therob-programme-ser-RonnyunddasBytekehrenzurueck" />
			</effects>
		</programme>
		<programme guid="676f68b4-1c8b-467f-a805-a0a2af8b1486" product="2" licence_type="3" creator="9551" fictional="1" comment="Most episode titles 'inspired' by the previous (German) or alternative versions of some of the entries in the peoples data (English versions largely made up a-new); descriptions created largely with help of ChatGPT | mostly different puns/content/descriptions German vs English">
			<title>
				<de>Dynamit - Das Magazin Spezial: Aus L.A.</de>
				<en>Dynamite - The Magazine Special: From L.A.</en>
				<pl>Dynamite - Magazyn specjalny: Z L.A.</pl>
			</title>
			<description>
				<de>Das Ex-Model ${.self:"cast":1:"fullname"} ist nach L.A. geflogen und berichtet über den neuesten und heißesten Klatsch und Tratsch über die Filmstars.</de>
				<en>Ex-model ${.self:"cast":1:"fullname"} has flown to L.A. to report on the latest and hottest gossip about the movie stars.</en>
				<pl>Była modelka ${.self:"cast":1:"fullname"} przyleciała do Los Angeles, by relacjonować najnowsze i najgorętsze plotki o gwiazdach filmowych.</pl>
			</description>
			<staff>
				<member index="0" function="5">cebd1a68-cf97-4b93-b3f9-ac34bda4bdcc</member>
				<member index="1" function="136">88ba23dc-d4f1-4c77-9ddf-8dbf4a4ce3b2</member>
			</staff>
			<groups target_groups="6" pro_pressure_groups="0" contra_pressure_groups="0" />
			<targetgroupattractivity pensioners="0.25" />
			<data country="D" distribution="2" maingenre="301" subgenre="" flags="0" blocks="1" price_mod="0.25" />
			<releaseTime year_relative="+3" year_relative_min="1994" year_relative_max="2000" />
			<ratings critics="21" speed="39" outcome="52" />
			<children>
				<programme guid="81c85eea-a074-491b-87cf-3721e178b3a2" product="2" licence_type="2" creator="9551">
					<title>
						<de>${.self:"cast":2:"firstname"} die Niere</de>
						<en>${.self:"cast":2:"firstname"} De Weirdo</en>
						<pl>${.self:"cast":2:"firstname"} De Weirdo</pl>
					</title>
					<description>
						<de>${.self:"cast":2:"fullname"} wird beim Verkauf einer angeblichen „echten“ Niere erwischt - als Werbegag für ein neues Filmprojekt. „Nierenräuber“ wird plötzlich zum beliebtesten Schurken in ganz ${media_hollywood}.</de>
						<en>${.self:"cast":2:"fullname"} is caught selling an alleged "real" kidney - as a publicity stunt for a new film project. "Weird kidney robber" suddenly becomes the most popular villain in all of ${media_hollywood}.</en>
						<pl>${.self:"cast":2:"fullname"} zostaje przyłapany na sprzedaży rzekomo „prawdziwej” nerki - jako chwyt reklamowy dla nowego projektu filmowego. „Dziwny złodziej nerek” nagle staje się najpopularniejszym złoczyńcą w całym ${media_hollywood}.</pl>
					</description>
					<staff>
						<member index="2" function="64">506bc383-259e-4a36-9278-081aafc8f35c</member>
					</staff>
					<effects>
						<effect trigger="broadcastFirstTime" type="modifyProgrammeAvailability" enable="1" guid="fc209207-4b86-44f9-8453-fd19637802bc" />
					</effects>
				</programme>
				<programme guid="f879c4fe-d528-450a-b47c-a9a65fc6b688" product="2" licence_type="2" creator="9551">
					<title>
						<de>${.self:"cast":2:"firstname"} gibt's schon</de>
						<en>${.self:"cast":2:"firstname"} Giblets</en>
						<pl>${.self:"cast":2:"firstname"} Giblets</pl>
					</title>
					<description>
						<de>${.self:"cast":2:"fullname"} rennt durch die schottischen Highlands, schwingt ein Schwert und ruft: „Es kann nur einen geben!“ Bereitet er sich auf eine neue Rolle vor? Dummerweise begegnet er seinem angeblich zeitreisenden zukünftigem Selbst, der meint: „Ich bin schon seit dem Mittelalter hier!“</de>
						<en>${.self:"cast":2:"fullname"} accidentally serves his guests a Thanksgiving dinner with giblets from his pet turkey named "${.self:"cast":2:"lastname"}". The mix-up leads to uproarious confusion and a poultry-fueled PR disaster.</en>
						<pl>${.self:"cast":2:"fullname"} przypadkowo podaje swoim gościom na Święto Dziękczynienia podroby z indyka o imieniu „${.self:"cast":2:"lastname"}”. Pomyłka doprowadza do zamieszania i drobiowej katastrofy PR-owej.</pl>
					</description>
					<staff>
						<member index="2" function="64">1b8fcb9a-5961-43b8-af1b-1ed144880908</member>
					</staff>
				</programme>
				<programme guid="3be78126-e61c-45e1-93b9-39caf9138896" product="2" licence_type="2" creator="9551" comment="alternatives / variations: Swish, Spritz | Swift used in a different episode">
					<title>
						<de>Willst Miff?</de>
						<en>${.self:"cast":2:"firstname"}'s Miff</en>
						<pl>${.self:"cast":2:"firstname"}'s Miff</pl>
					</title>
					<description>
						<de>${.self:"cast":2:"fullname"} gerät in einen heftigen Streit mit einem alten weißen Ladenbesitzer, der den Schriftzug „${.self:"cast":2:"fullname"} Edition“ auf Kartoffelchips-Tüten überklebte, den er für „Gekrakel wie das eines Dreijährigen“ bezeichnete, das angeblich für schwächeren Absatz als vorher sorgte.</de>
						<en>${.self:"cast":2:"fullname"} gets into a fierce argument with an old white shopkeeper who taped over the lettering "${.self:"cast":2:"fullname"} Edition" on potato chip bags, which he described as "scribblings like those of a three-year-old" that allegedly made for weaker sales than before.</en>
						<pl>${.self:"cast":2:"fullname"} wdaje się w ostrą kłótnię ze starym, białym właścicielem sklepu, który zakleił taśmą napis „${.self:"cast":2:"fullname"} Edition” na torebkach z chipsami ziemniaczanymi, co opisał jako „bazgroły jak u trzylatka”, które rzekomo spowodowały słabszą sprzedaż niż wcześniej.</pl>
					</description>
					<staff>
						<member index="2" function="64">f9a18a26-3dc4-401d-93bb-221247211dff</member>
					</staff>
				</programme>
				<programme guid="50c05c1e-f1ce-4145-8d83-2c57bffeb3e9" product="2" licence_type="2" creator="9551">
					<title>
						<de>${.self:"cast":2:"firstname"} Testton</de>
						<en>${.self:"cast":2:"firstname"} Chest-on</en>
						<pl>${.self:"cast":2:"firstname"} Chest-on</pl>
					</title>
					<description>
						<de>${.self:"cast":2:"fullname"} wird beschuldigt, heimlich eine eigene Geräusch-Testfirma gegründet zu haben, um sicherzustellen, dass nur er die perfekte Stimmlage für epische Filmdialoge hat. „Er kontrolliert den Soundtrack unserer Leben!“, klagen misstrauische Tonspezialisten.</de>
						<en>${.self:"cast":2:"fullname"} appears at a high-profile press conference sporting a (temporary?) tattoo of a cartoon heart with the inscription "Property of My Wife" on his chest, causing a flurry of speculation about his romantic life.</en>
						<pl>${.self:"cast":2:"fullname"} pojawia się na głośnej konferencji prasowej z (tymczasowym?) tatuażem przedstawiającym rysunkowe serce z napisem „Własność mojej żony” na piersi, wywołując lawinę spekulacji na temat jego życia uczuciowego.</pl>
					</description>
					<staff>
						<member index="2" function="64">b4561de6-215e-46ab-9212-f0868c6fcb33</member>
					</staff>
				</programme>
				<programme guid="558eaa7b-690c-41ca-988a-00b98207247e" product="2" licence_type="2" creator="9551">
					<title>
						<all>${.self:"cast":2:"firstname"} McVegan</all>
					</title>
					<description>
						<de>Und auch von einem Ex-Schauspielstar und Ex-Präsidenten gibt's Neuigkeiten: ${.self:"cast":2:"fullname"} baut Gerüchten zufolge heimlich ein veganes Fast-Food-Imperium auf. „Er ist also doch unser Commander in Leaf,“ rufen begeisterte Veganer weltweit.</de>
						<en>And there's also news from an ex-acting star and ex-president: ${.self:"cast":2:"fullname"} is rumored to be secretly building a vegan fast food empire. "So he is our Commander in Leaf after all," shout enthusiastic vegans worldwide.</en>
						<pl>Są też wiadomości od byłego aktora i byłego prezydenta: ${.self:"cast":2:"fullname"} podobno potajemnie buduje wegańskie imperium fast foodów. „Więc w końcu jest naszym dowódcą w Leaf”, krzyczą entuzjastyczni weganie na całym świecie.</pl>
					</description>
					<staff>
						<member index="2" function="64">e52ca72c-83e2-431d-ae02-c66daefea035</member>
					</staff>
				</programme>
			</children>
		</programme>
		<programme guid="fc209207-4b86-44f9-8453-fd19637802bc" product="2" licence_type="3" creator="9551" fictional="1" comment="Most episode titles 'inspired' by the previous (German) or alternative versions of some of the entries in the peoples data (English versions largely made up a-new); descriptions created largely with help of ChatGPT | mostly different puns/content/descriptions German vs English">
			<title>
				<de>Dynamit - Das Magazin Spezial: Back in L.A.</de>
				<en>Dynamite - The Magazine Special: Back in L.A.</en>
				<pl>Dynamite - The Magazine Special: Powrót do L.A.</pl>
			</title>
			<description>
				<de>Das Ex-Model ${.self:"cast":1:"fullname"} ist wieder in L.A. und berichtet erneut über den neuesten und heißesten Klatsch und Tratsch über die Filmstars.</de>
				<en>Ex-model ${.self:"cast":1:"fullname"} has again flown to L.A. to once again report on the latest and hottest gossip about the movie stars.</en>
				<pl>Była modelka ${.self:"cast":1:"fullname"} ponownie poleciała do L.A., aby po raz kolejny relacjonować najnowsze i najgorętsze plotki o gwiazdach filmowych.</pl>
			</description>
			<staff>
				<member index="0" function="5">cebd1a68-cf97-4b93-b3f9-ac34bda4bdcc</member>
				<member index="1" function="136">88ba23dc-d4f1-4c77-9ddf-8dbf4a4ce3b2</member>
			</staff>
			<groups target_groups="6" pro_pressure_groups="0" contra_pressure_groups="0" />
			<targetgroupattractivity pensioners="0.25" />
			<data country="D" distribution="2" maingenre="301" subgenre="" flags="0" blocks="1" price_mod="0.25" available="0" /> <!-- availability triggered by 676f68b4-1c8b-467f-a805-a0a2af8b1486 Episode 1 -->
			<releaseTime year_relative="+4" year_relative_min="1995" year_relative_max="2001" />
			<ratings critics="19" speed="43" outcome="55" />
			<children>
				<programme guid="87849e53-530d-4570-ae8c-1c161e852764" product="2" licence_type="2" creator="9551" comment="alternatives / variations: Verloony">
					<title>
						<de>${.self:"cast":2:"firstname"} verhört mich</de>
						<en>${.self:"cast":2:"firstname"} Verhooten</en>
						<pl>${.self:"cast":2:"firstname"} Verhooten</pl>
					</title>
					<description>
						<de>${.self:"cast":2:"fullname"} wird in einen Kriminalfall verwickelt und als Zeuge geladen. Direkt nach einer Fetisch-Party schaut er in einem gewagten Outfit vorbei. „Wird das ein Drehbuch oder ein Geständnis, und wer verhört hier eigentlich wen?“, fragt sich die erregte Jury.</de>
						<en>${.self:"cast":2:"fullname"} casts a family of owls as the main characters in his highly anticipated sci-fi film. Viewers were baffled by the sudden appearance of owls in space suits, prompting speculation if it was avant-garde genius or a comical oversight.</en>
						<pl>${.self:"cast":2:"fullname"} obsadził rodzinę sów w roli głównych bohaterów swojego wyczekiwanego filmu science-fiction. Widzowie byli zaskoczeni nagłym pojawieniem się sów w skafandrach kosmicznych, co wywołało spekulacje, czy był to awangardowy geniusz, czy też komiczne niedopatrzenie.</pl>
					</description>
					<staff>
						<member index="2" function="64">10d455be-e8e5-40eb-927b-c36e3345525d</member>
					</staff>
				</programme>
				<programme guid="f2e1597a-efa6-40dd-9f0a-2cc89b74d55e" product="2" licence_type="2" creator="9551" comment="alternatives / variations: Chillis, Thrillis, Pillis, Drillis, Grillis, Dillis, Quillis, Brillis">
					<title>
						<de>${.self:"cast":2:"firstname"} will es</de>
						<en>${.self:"cast":2:"firstname"} Will-less</en>
						<pl>${.self:"cast":2:"firstname"} Will-less</pl>
					</title>
					<description>
						<de>Jaaa! Er ruft!!! sie!!! an!!! ${.self:"cast":2:"fullname"} erscheint Tage lang nicht zum Dreh. Er hat sich im Hotelzimmer eingeschlossen und ist süchtig geworden ist nach Sex-Hotlines. „Du willst es doch auch!“ raunt die TV-Domina gerade, als endlich die Zimmertür aufgebrochen wird.</de>
						<en>A depressed ${.self:"cast":2:"fullname"} locks himself out of his own action movie set, leaving the entire production in chaos, with the crew unaware of him being stuck in his trailer binge-watching rom-coms.</en>
						<pl>Pogrążony w depresji ${.self:"cast":2:"fullname"} zamyka się na planie swojego filmu akcji, przez co cała produkcja pogrąża się w chaosie, a ekipa nie wie, że utknął on w swojej przyczepie, oglądając komedie romantyczne.</pl>
					</description>
					<staff>
						<member index="2" function="64">2b6af8c4-7775-44da-820e-1ce9c55d8cd9</member>
					</staff>
				</programme>
				<programme guid="36518cf4-419d-4de4-8394-d4fbfe5acf8c" product="2" licence_type="2" creator="9551" comment="Miff used in a previous episode">
					<title>
						<all>${.self:"cast":2:"firstname"} Swift</all>
					</title>
					<description>
						<de>Erneut macht ${.self:"cast":2:"fullname"} von sich reden, als er versucht, seine Fans zu beeindrucken, indem er seine neu entdeckte Leidenschaft für Ballett vorführt. Leider endet seine Swift-Pirouette damit, dass er in eine Requisite kracht und Chaos am Set verursacht.</de>
						<en>Once again, ${.self:"cast":2:"fullname"} makes a name for himself, as he attempts to impress his fans by showcasing his newfound passion for ballet. Unfortunately, his swift pirouette ends with him crashing into a prop, causing chaos on set.</en>
						<pl>Po raz kolejny ${.self:"cast":2:"fullname"} zdobywa sławę, próbując zaimponować fanom, pokazując swoją nowo odkrytą pasję do baletu. Niestety, jego szybki piruet kończy się zderzeniem z rekwizytem, co powoduje chaos na planie.</pl>
					</description>
					<staff>
						<member index="2" function="64">f9a18a26-3dc4-401d-93bb-221247211dff</member>
					</staff>
				</programme>
				<programme guid="853f96d6-da45-4bb4-a04a-35f2a4d14061" product="2" licence_type="2" creator="9551" comment="alternatives / variations: Oliver Stoner, Boner">
					<title>
						<de>Rolliger Stein</de>
						<en>${.self:"cast":2:"firstname"} Bone</en>
						<pl>${.self:"cast":2:"firstname"} Bone</pl>
					</title>
					<description>
						<de>${.self:"cast":2:"fullname"} wird in einer Bowlinghalle gesichtet. Anscheinend dreht er eine Doku über „Die geheime Welt der Bowlingspieler“. „Ist die Anordnung der Pins ein Symbol der Illuminaten?“, fragt er besessen.</de>
						<en>${.self:"cast":2:"fullname"} swaps the scripts of his historical epic with a dog training manual, leaving the bewildered actors on set reciting commands to imaginary canines and wondering whether this was avant-garde genius or just a bone-headed mistake.</en>
						<pl>${.self:"cast":2:"fullname"} zamienia scenariusze swojej historycznej epopei z podręcznikiem tresury psów, pozostawiając zdezorientowanych aktorów na planie recytujących komendy wyimaginowanym psom i zastanawiających się, czy był to awangardowy geniusz, czy tylko głupi błąd.</pl>
					</description>
					<staff>
						<member index="2" function="64">3d4a2d11-e943-4874-b8be-eaec31165150</member>
					</staff>
				</programme>
				<programme guid="49d2b764-c58b-4e38-b338-e13af4312525" product="2" licence_type="2" creator="9551" comment="alternatives / variations: Will Weizen">
					<title>
						<de>${.self:"cast":2:"firstname"} Bieten</de>
						<en>${.self:"cast":2:"firstname"}'s Wit Ton</en>
						<pl>${.self:"cast":2:"firstname"}'s Wit Ton</pl>
					</title>
					<description>
						<de>${.self:"cast":2:"fullname"} wird beschuldigt, bei einer Auktion seine eigenen Sammlerstücke zu überbieten, um seinen Ruf als „Nerd-König“ zu festigen. „Ist das ein Gebot oder ein Rollenspiel?“, fragen sich verblüffte Bieter.</de>
						<en>${.self:"cast":2:"fullname"} attempts to impress fans with his newfound passion for stand-up comedy and a program involving a "giant barrel of bad puns". Unfortunately, his jokes fall flat heavily, and the audience laughs at his expense.</en>
						<pl>${.self:"cast":2:"fullname"} zamienia scenariusze swojej historycznej epopei z podręcznikiem tresury psów, pozostawiając zdezorientowanych aktorów na planie recytujących komendy wyimaginowanym psom i zastanawiających się, czy był to awangardowy geniusz, czy tylko głupi błąd.</pl>
					</description>
					<staff>
						<member index="2" function="64">DF-Celebreties-Wil_Wheaton</member>
					</staff>
				</programme>
				<programme guid="5322bb8e-8061-4c5d-94d6-f585ce99bd8c" product="2" licence_type="2" creator="9551">
					<title>
						<de>${.self:"cast":2:"firstname"} Heul</de>
						<en>${.self:"cast":2:"firstname"} Howl</en>
						<pl>${.self:"cast":2:"firstname"} Howl</pl>
					</title>
					<description>
						<de>Der Brite ${.self:"cast":2:"fullname"} ist für ein Filmprojekt in L.A. und beginnt zu heulen, als er seinen Fünf-Uhr-Tee nicht bekommt, so lange und vehement, bis er in der folgenden Vollmondnacht zum Werwolf wird. Fortan lässt er oft seinen Wuschelbart unrasiert noch stehen.</de>
						<en>The Brit ${.self:"cast":2:"fullname"} is in L.A. for a film project and starts howling when he doesn't get his five o'clock tea, so long and vehemently until he becomes a werewolf on the following full moon night. From then on, he will often leave his fuzzy beard unshaven.</en>
						<pl>Brytyjczyk ${.self:"cast":2:"fullname"} przebywa w Los Angeles w związku z projektem filmowym i zaczyna wyć, gdy nie dostaje herbaty o piątej, tak długo i gwałtownie, aż staje się wilkołakiem w następną noc pełni księżyca. Od tego momentu często pozostawia swoją bujną brodę nieogoloną.</pl>
					</description>
					<staff>
						<member index="2" function="64">5322bb8e-8061-4c5d-94d6-f585ce99bd8c</member>
					</staff>
				</programme>
			</children>
		</programme>
		<programme guid="dba43687-9030-4e8f-9d8d-8bf2b8bafeb2" product="1" licence_type="1" creator="9551" fictional="1" comment="Einen Film über Sekretärinnen der eigentlichen Sexreport-Reihe gab es scheinbar nicht, es gibt aber ausländische Filme mit dem deutschen Titel 'Sekretärinnen-Report', daher die 'inoffizielle' Abwandlung '-Bericht' im TVTower-Universum | Description largely by ChatGPT | Screenplay continuations starting with d664f243-15d6-4645-886e-27a3e8cf8533">
			<title>
				<de>Sekretärinnen-Bericht - Akten, Affären &amp; Akrobatik</de>
				<en>Secretaries Report - Accounts, Affairs &amp; Acrobatics</en>
				<pl>Raport sekretarzy - rachunki, sprawy i akrobatyka</pl>
			</title>
			<description>
				<de>Bürochaos mit flirtenden Schreibkräften: Frau Huber vertauscht Akten mit Liebesbriefen, Herr Schmitt jongliert Termine und Techtelmechtel, und Frau Meier entdeckt die Kunst des Fotokopierens... Ein Balanceakt zwischen Bürokratie und Boudoir, während das Faxgerät heiß läuft.</de>
				<en>Office chaos with flirting typists: Ms. Huber swaps files with love letters, Mr. Schmitt juggles deadlines and dalliances, and Ms. Meier discovers the art of photocopying... A balancing act between bureaucracy and boudoir, while the fax machine runs hot.</en>
				<pl>Biurowy chaos z flirtującymi maszynistkami: Pani Huber zamienia akta z listami miłosnymi, pan Schmitt żongluje terminami i romansami, a pani Meier odkrywa sztukę kserowania... Balansowanie między biurokracją a buduarem, podczas gdy faks jest gorący.</pl>
			</description>
			<staff>
				<member index="0" function="5">Per_custom_Freddy_390</member>
				<member index="1" function="2">Per_custom_Freddy_257</member>
				<member index="2" function="2">Per_custom_Freddy_511</member>
				<member index="3" function="2">Per_custom_Freddy_638</member>
				<member index="4" function="2">Per_custom_Freddy_47</member>
				<member index="5" function="2">Per_custom_Freddy_678</member>
				<member index="6" function="2">Per_custom_Freddy_71</member>
				<member index="7" function="2">various-models</member>
			</staff>
			<groups target_groups="274" pro_pressure_groups="0" contra_pressure_groups="0" />
			<data country="D" distribution="2" maingenre="8" subgenre="301,5" flags="96" blocks="2" price_mod="0.5" />
			<releaseTime year="1979" day="4" />
			<ratings critics="8" speed="24" outcome="22" />
			<effects>
				<effect trigger="broadcastFirstTime" type="modifyScriptAvailability" enable="1" guid="d664f243-15d6-4645-886e-27a3e8cf8533" />
			</effects>
		</programme>
	</allprogrammes>

	<!-- fictional screenplays -->

	<scripttemplates>
		<scripttemplate product="3" licence_type="1" guid="e569b0af-e97f-4897-8b8d-6c426fa5a7d5" creator="9551" comment="Low-Budget- und Endlos-Variante von scripttemplate-ron-morningshow">
			<title>
				<all>${title}</all>
			</title>
			<description>
				<de>Programmfüller für den jeden Morgen. Hier werden nochmal die Beiträge aus dem Mülleimer gefischt, die die Kollegen aus der Nachrichtenredaktion schon weggeschmissen haben. Andere niedrigschwellige Inhalte finden sich bestimmt auch noch.</de>
				<en>Programme filler for every morning. Here the stories that the colleagues from the newsroom have already thrown away are fished out of the garbage can again. Other low-threshold content can surely be sourced as well.</en>
				<pl>Wypełniacz programu na każdy poranek. Tutaj historie, które koledzy z newsroomu już wyrzucili, są ponownie wyławiane ze śmietnika. Inne niskoprogowe treści z pewnością również mogą być pozyskiwane.</pl>
			</description>
			<variables>
				<title>
					<de>Morgenmuffel-TV|Mundgeruch am Morgen|Miesepeter am Morgen|Morgengrieß-Kram|G'n Morgääähn</de>
					<en>Morning Grouch TV|Bad breath in the Morning|Grumpy in the Morning|Morning Flour and Stuff|G'd Moryaaawn</en>
					<pl>Poranek w Grouch TV|Nieświeży oddech o poranku|Marudzenie o poranku|Mąka i inne rzeczy|Grzegorz i Marek</pl>
				</title>
			</variables>
			<jobs>
				<job index="0" function="8" required="1" />
			</jobs>
			<data flags="1" broadcast_time_slot_start="5" broadcast_time_slot_end="10" production_limit="100" production_broadcast_limit="1" production_broadcast_flags="512" production_licence_flags="36" target_groups="0" />
			<genres maingenre="103" subgenres="6,300" />
			<blocks value="3" />
			<price min="2000" max="4000" />
			<potential min="5" max="15" />
			<outcome min="5" max="15" />
			<review min="5" max="15" />
			<speed min="5" max="15" />
			<production_time value="60" />
		</scripttemplate>
		<scripttemplate product="3" licence_type="1" guid="d35ad24a-9095-490e-b5d1-f51ba82210ff" creator="9551" comment="Deluxe- und Endlos-Variante von scripttemplate-ron-morningshow">
			<title>
				<all>${title}</all>
			</title>
			<description>
				<de>Es lohnt sich! Für jeden Morgen! Tolles Programm und gute Unterhaltung für einen beschwingten Start in den Tag.</de>
				<en>It's worth it! For every morning! Great program and good entertainment for an upbeat start into the day.</en>
				<pl>Warto! Na każdy poranek! Świetny program i dobra rozrywka na dobry początek dnia.</pl>
			</description>
			<variables>
				<title>
					<de>Das saftige Frühstücks-TV|5-Sterne Frühstück Deluxe|Morgenpracht-TV|Croissant mit Latte am Morgen TV</de>
					<en>The Lush Breakfast TV|5-Star Breakfast Deluxe|Morning Glory TV|Croissant with Latte in the Morning TV</en>
					<pl>Telewizja śniadaniowa|5-gwiazdkowe śniadanie Deluxe|Poranna TV|Croissant z Luśką o poranku</pl>
				</title>
			</variables>
			<jobs>
				<job index="0" function="1" required="1" />
				<job index="1" function="4" required="1" />
				<job index="2" function="8" required="1" />
				<job index="3" function="128" required="1" />
				<job index="4" function="64" required="0" />
				<job index="5" function="8" required="0" />
				<job index="6" function="16" required="0" />
				<!--job index="7" function="2048" gender="2" required="0" /--> <!-- TODO: Eventually reactivate, should casting models become possible -->
			</jobs>
			<data flags="1" broadcast_time_slot_start="5" broadcast_time_slot_end="11" production_limit="100" production_broadcast_limit="1" production_broadcast_flags="512" production_licence_flags="36" target_groups="69" />
			<targetgroupattractivity men="0.75" />
			<genres maingenre="103" subgenres="104,300" />
			<blocks value="3" />
			<price min="200000" max="500000" />
			<potential min="60" max="90" />
			<outcome min="70" max="90" />
			<review min="50" max="70" />
			<speed min="60" max="90" />
			<production_time value="60" />
		</scripttemplate>
		<scripttemplate product="4" licence_type="1" guid="494235d3-660d-4214-a687-4a5d0054943b" creator="9551" comment="Perhaps some reciprocal effect with the corresponding news genre can be implemented? TODO: I am not happy with the titles and descriptions of these.">
			<title>
				<all>${tower} ${latebreaking}: ${title}</all>
			</title>
			<description>
				<de>Technologie aktuell. Jeden Tag neu. Die neuesten Entwicklungen und Trends bei Elektronik, Telekommunikation, Computern.</de>
				<en>The latest in technology. New every day. The most recent developments and trends in electronics, telecommunications, computers.</en>
				<pl>Najnowsza technologia. Nowości każdego dnia. Najnowsze osiągnięcia i trendy w elektronice, telekomunikacji, komputerach.</pl>
			</description>
			<variables>
				<tower>
					<all>TVT|Tower|TVTower</all>
				</tower>
				<latebreaking>
					<de>Brandaktuell|Aktuell</de>
					<en>Late-Breaking|Hot</en>
					<pl>Info|Aktualności</pl>
				</latebreaking>
				<title>
					<de>Tech|Technologie|Tech-Corner|Nerd-Corner</de>
					<en>Tech|Technology|Tech Corner|Nerd Corner</en>
					<pl>Tech|Technologia na Ty|Techniczny młotek|Pokój nerda</pl>
				</title>
			</variables>
			<jobs>
				<job index="0" function="1" required="1" />
				<job index="1" function="4" required="1" />
				<job index="2" function="8" required="1" />
				<job index="3" function="128" required="1" />
				<job index="4" function="64" required="0" />
			</jobs>
			<data flags="1" production_limit="100" production_broadcast_limit="2" production_broadcast_flags="512" production_licence_flags="36" target_groups="288" />
			<targetgroupattractivity men="2" women="0.5" housewives="0.5" />
			<genres maingenre="300" subgenres="6,16" />
			<blocks value="1" />
			<price min="50000" max="100000" />
			<potential min="40" max="80" />
			<outcome min="40" max="80" />
			<review min="40" max="80" />
			<speed min="40" max="80" />
			<production_time value="60" />
			<programme_data_modifiers>
				<modifier name="topicality::age" value="5" />
				<modifier name="topicality::refresh" value="2" />
			</programme_data_modifiers>
		</scripttemplate>
		<scripttemplate product="3" licence_type="1" guid="d6242a49-71e0-4997-97d6-3684e5c67d54" creator="9551" comment="Perhaps some reciprocal effect with the corresponding news genre can be implemented?">
			<title>
				<de>${tower} Dynamit - Das Magazin: ${latebreaking}</de>
				<en>${tower} Dynamite - The Magazine: ${latebreaking}</en>
				<pl>${tower} Dynamit - Magazyn: ${latebreaking}</pl>
			</title>
			<description>
				<de>Showbiz aktuell. Jeden Tag neu. Aktueller Tratsch, Promi-Geflüster und tränenrührende Tagesgeschehnisse.
Ein Muss für jede Hausfrau, ein Fluch für harte Männer.</de>
				<en>Showbiz news. Updated every day. Current gossip, celebrity rumors and tear-jerking daily events.
A must for every housewife, a curse for hard men.</en>
				<pl>Wiadomości ze świata showbiznesu. Aktualizowane każdego dnia. Aktualne plotki, plotki o celebrytach i wyciskające łzy z oczu codzienne wydarzenia.
Obowiązkowa pozycja dla każdej gospodyni domowej, przekleństwo dla twardzieli.</pl>
			</description>
			<variables>
				<tower>
					<all>TVT|Tower|TVTower</all>
				</tower>
				<latebreaking>
					<de>Aktuell|Brandaktuell|Brandheiße News|Aktuellste News</de>
					<en>Late-Breaking|The Hot Stuff|Blazing News|Breaking News</en>
					<pl>Pogadanki|Ciekawostki|Newsy|Najnowsze wiadomości</pl>
				</latebreaking>
			</variables>
			<jobs>
				<job index="0" function="1" required="1" />
				<job index="1" function="4" required="1" />
				<job index="2" function="8" required="1" />
				<job index="3" function="128" required="1" />
				<job index="4" function="64" required="0" />
			</jobs>
			<data flags="17" production_limit="100" production_broadcast_limit="2" production_broadcast_flags="512" production_licence_flags="36" target_groups="6" />
			<targetgroupattractivity men="0.75" />
			<genres maingenre="301" subgenres="204,7" />
			<blocks value="1" />
			<price min="75000" max="150000" />
			<potential min="40" max="70" />
			<outcome min="40" max="70" />
			<review min="40" max="70" />
			<speed min="40" max="70" />
			<production_time value="60" />
			<programme_data_modifiers>
				<modifier name="topicality::age" value="5" />
				<modifier name="topicality::refresh" value="2" />
			</programme_data_modifiers>
		</scripttemplate>
		<scripttemplate product="3" licence_type="1" guid="40a79c72-f53d-4b4f-ad29-886dd6c99135" creator="9551" comment="TODO: Added after proposals from ronny and nittka, but perhaps this format should be more distinct from 'dynamite' somehow.">
			<title>
				<de>${pulse} - ${show} ${withexplosivenews}</de>
				<en>${pulse} - The ${show} ${withexplosivenews}</en>
				<pl>${pulse} - ${show} ${withexplosivenews}</pl>
			</title>
			<description>
				<de>Und noch ein Showbiz-Format. Die Welt da draußen scheint nicht genug davon bekommen zu können.</de>
				<en>And another showbiz format. The world out there can't seem to get enough of it.</en>
				<pl>I kolejny format showbiznesowy. Świat nie może się tym nacieszyć.</pl>
			</description>
			<variables>
				<pulse>
					<de>Puls|Sprengstoff|Blitze|Buzz|Feuerwerk|Blitzlicht|Inferno|Zündstoff|Bumms|Furore</de>
					<en>Pulse|Explosive|Flash|Buzz|Fireworks|Spotlight|Inferno|Fuse|Boom|Furore</en>
					<pl>Impuls|Wybuch|Błysk|Fajerwerk|Flash|Inferno|Lont|Boom|Sensacja|Świat na żywo</pl>
				</pulse>
				<show>
					<de>Die Show|Der Ticker|Die Sendung|Das Magazin</de>
					<en>Show|Ticker|Broadcast|Magazine</en>
					<pl>Show|Reporter|ShowBiznes|Magazyn</pl>
				</show>
				<withexplosivenews>
					<de>mit brisanten News|für Promi-News|mit aktuellen Skandalen|mit dem neuesten Klatsch und Tratsch|mit den heißesten Gerüchten|mit den neuesten Promi-Storys|mit den explosivsten Enthüllungen|mit den heißesten Gerüchten aus der Promi-Welt|mit den Knallern aus der Promi-Szene|mit den neuesten Skandalen und Enthüllungen</de>
					<en>With Explosive News|for Celebrity News|With the Current Scandals|With the Latest Gossip and Rumors|With the Hottest Rumors|With the Latest Celebrity Stories|With the Most Explosive Revelations|With the Hottest Rumors From the Celebrity World|With the Blasts from the Celebrity Scene|With the Latest Scandals and Revelations</en>
					<pl>z wybuchowymi wiadomościami|dla celebrytów|Z aktualnymi skandalami|Z najnowszymi plotkami|z najgorętszymi plotkami|z najnowszymi historiami gwiazd|z najbardziej wybuchowymi rewelacjami|z najgorętszymi plotkami ze świata celebrytów|ze sceny celebrytów|Z najnowszymi skandalami i rewelacjami</pl>
				</withexplosivenews>
			</variables>
			<jobs>
				<job index="0" function="1" required="1" />
				<job index="1" function="4" required="1" />
				<job index="2" function="8" required="1" />
				<job index="3" function="128" required="1" />
				<job index="4" function="64" required="0" />
			</jobs>
			<data flags="17" production_limit="100" production_broadcast_limit="2" production_broadcast_flags="512" production_licence_flags="36" target_groups="6" />
			<targetgroupattractivity men="0.75" />
			<genres maingenre="301" subgenres="204,7" />
			<blocks value="1" />
			<price min="50000" max="100000" />
			<potential min="20" max="50" />
			<outcome min="20" max="50" />
			<review min="20" max="50" />
			<speed min="20" max="50" />
			<production_time value="50" />
			<programme_data_modifiers>
				<modifier name="topicality::age" value="5" />
				<modifier name="topicality::refresh" value="2" />
			</programme_data_modifiers>
			<availability script='${.gt:${.worldtime:"daysplayed"}:12}' />
		</scripttemplate>
		<scripttemplate product="3" licence_type="1" guid="007b49ae-41e2-47b7-bf7c-628aecee7731" creator="9551">
			<title>
				<all>${tower} ${latebreaking}: ${title}</all>
			</title>
			<description>
				<de>Filme, Musik, Stars und Sternchen. Die ganz große Kino-Show. Trailer, Ausschnitte, Infos und Interviews zu den aktuellen Neuerscheinungen.</de>
				<en>Movies, music, stars and starlets. Cinema at its very most. Trailers, clips, info and interviews of and about the latest new releases.</en>
				<pl>Filmy, muzyka, gwiazdy i gwiazdeczki. Kino w najlepszym wydaniu. Zwiastuny, klipy, informacje i wywiady o najnowszych premierach.</pl>
			</description>
			<variables>
				<tower>
					<all>TVT|Tower|TVTower</all>
				</tower>
				<latebreaking>
					<de>Brandaktuell|Aktuell</de>
					<en>Late-Breaking|Hot</en>
					<pl>Info|Aktualności</pl>
				</latebreaking>
				<title>
					<de>Die Filmschau|Die Kino Show|Die Kinoleinwand|Die Große Leinwand|Die Große Bühne</de>
					<en>The Movies Show|The Cinema Show|The Silver Screen|The Big Screen|The Big Stage</en>
					<pl>Pokazy filmowe|Pokazy kinowe|Ze srebrnego ekranu|Z dużego ekranu|Z dużej sceny</pl>
				</title>
			</variables>
			<jobs>
				<job index="0" function="1" required="1" />
				<job index="1" function="4" required="1" />
				<job index="2" function="8" required="1" />
				<job index="3" function="128" required="1" />
				<job index="4" function="64" required="0" />
			</jobs>
			<data flags="1" production_limit="100" production_broadcast_limit="2" production_broadcast_flags="512" production_licence_flags="36" target_groups="6" />
			<targetgroupattractivity pensioners="0.25" />
			<genres maingenre="204" subgenres="6,301" />
			<blocks value="1" />
			<price min="300000" max="600000" />
			<potential min="40" max="80" />
			<outcome min="40" max="80" />
			<review min="40" max="80" />
			<speed min="40" max="80" />
			<production_time value="60" />
			<programme_data_modifiers>
				<modifier name="topicality::age" value="5" />
				<modifier name="topicality::refresh" value="2" />
			</programme_data_modifiers>
		</scripttemplate>
		<scripttemplate product="4" licence_type="1" guid="56bcb1ff-8a5d-4d91-b3f7-ad6958b3855b" creator="9551">
			<title>
				<de>${recreational}${athletes} aus ${randomcity} und anderswo</de>
				<en>${recreational} ${athletes} from ${randomcity} and Elsewhere</en>
				<pl>${recreational} ${athletes} i nie tylko</pl>
			</title>
			<description>
				<de>Aktuelle News und Berichterstattung aus den Bunt-, Amateur- und Kreisligen der Nation. Fußball, Eishockey, Basketball, Football, Tennis, Tischtennis, Leichtathletik, Kirmesboxen, ${sports_formula3} &amp; ${sports_f4} &amp; Kartsport und vieles mehr.</de>
				<en>Latest news and coverage from the nation's hobby, amateur and county leagues. Soccer, ice hockey, basketball, football, tennis, athletics, fairground boxing, ${sports_formula3} &amp; ${sports_f4} &amp; karting, and much more.</en>
				<pl>Najnowsze wiadomości i relacje z krajowych lig hobbystycznych, amatorskich i okręgowych. Piłka nożna, hokej na lodzie, koszykówka, piłka nożna, tenis, lekkoatletyka, boks w wesołym miasteczku, ${sports_formula3} &amp; ${sports_f4} &amp; karting i wiele więcej.</pl>
			</description>
			<variables>
				<recreational>
					<de>Freizeit|Feierabend|Hobby|Amateur</de>
					<en>Recreational|Leisure|Hobby|Amateur</en>
					<pl>Rekreacyjni|Wypoczynkowi|Hobbystyczni|Amatorscy</pl>
				</recreational>
				<athletes>
					<de>athleten|kicker und co.|-Sportfreunde</de>
					<en>Athletes|Footballers and co.|Sports Friends</en>
					<pl>Sportowcy|Piłkarze i spółka|Przyjaciele sportowi</pl>
				</athletes>
				<randomcity>${.stationmap:"randomcity"}</randomcity>
			</variables>
			<jobs>
				<job index="0" function="1" required="1" />
				<job index="1" function="4" required="1" />
				<job index="2" function="8" required="1" />
				<job index="3" function="128" required="1" />
				<job index="4" function="64" required="0" />
			</jobs>
			<data flags="1" production_limit="100" production_broadcast_limit="2" production_broadcast_flags="512" production_licence_flags="36" target_groups="274"/>
			<targetgroupattractivity women="0.75" />
			<genres maingenre="203" subgenres="103,300" />
			<blocks value="1" />
			<price min="15000" max="30000" />
			<potential min="20" max="50" />
			<outcome min="20" max="50" />
			<review min="20" max="50" />
			<speed min="20" max="50" />
			<production_time value="60" />
			<programme_data_modifiers>
				<modifier name="topicality::age" value="5" />
				<modifier name="topicality::refresh" value="2" />
			</programme_data_modifiers>
		</scripttemplate>
		<scripttemplate product="4" licence_type="1" guid="acf3207f-bfcd-4aef-9c10-a4871dcab928" creator="9551">
			<title>
				<de>${secondleague} Sport${report}</de>
				<en>${secondleague} Sports${report}</en>
				<pl>${secondleague} - Sport${report}</pl>
			</title>
			<description>
				<de>Die zweite Liga kommt gleich nach der ersten! Aktuelles über alles, was sportlich zweitklassig ist im Lande. Zweite Ligen im Fußball, Eishockey, Basketball, Football, Tennis, Tischtennis. Außerdem ${sports_formula2}, Kunstturnen, Eiskunstlauf, Reitsport u.v.m.</de>
				<en>Second comes right after first! Updates on everything that is second-tier sports in the country. Second leagues in soccer, ice hockey, basketball, soccer, table tennis. Also ${sports_formula2}, gymnastics, figure skating, equestrian sports and much more.</en>
				<pl>Drugi jest zaraz po pierwszym! Aktualizacje na temat wszystkiego, co jest sportem drugiego poziomu w kraju. Drugie ligi piłki nożnej, hokeja na lodzie, koszykówki, piłki nożnej, tenisa stołowego. Także ${sports_formula2}, gimnastyka, łyżwiarstwo figurowe, jeździectwo i wiele więcej.</pl>
			</description>
			<variables>
				<secondleague>
					<de>Zweite Liga|Zweite Klasse|Zweite Reihe|Zweite Division</de>
					<en>Second League|Second Class|Second Tier|Second Division</en>
					<pl>Druga liga|Druga klasa|Drugi poziom|Druga dywizja</pl>
				</secondleague>
				<report>
					<de>report|reportage|bericht|berichterstattung|</de>
					<en> Report| Feature| Bulletin| Coverage|</en>
					<pl>owy reportaż|owy felieton|owy biuletyn|owy przegląd|</pl>
				</report>
			</variables>
			<jobs>
				<job index="0" function="1" required="1" />
				<job index="1" function="4" required="1" />
				<job index="2" function="8" required="1" />
				<job index="3" function="128" required="1" />
				<job index="4" function="64" required="0" />
			</jobs>
			<data flags="1" production_limit="100" production_broadcast_limit="2" production_broadcast_flags="512" production_licence_flags="36" target_groups="274" />
			<targetgroupattractivity women="0.75" />
			<genres maingenre="203" subgenres="103,300" />
			<blocks value="1" />
			<price min="100000" max="200000" />
			<potential min="30" max="60" />
			<outcome min="30" max="60" />
			<review min="30" max="60" />
			<speed min="30" max="60" />
			<production_time value="60" />
			<programme_data_modifiers>
				<modifier name="topicality::age" value="5" />
				<modifier name="topicality::refresh" value="2" />
			</programme_data_modifiers>
			<availability script='${.gt:${.worldtime:"daysplayed"}:12}' />
		</scripttemplate>
		<scripttemplate product="4" licence_type="1" guid="9f1cacc4-aa56-4f4a-9a9f-8c21c4bd3a7d" creator="9551" comment="Perhaps some reciprocal effect with the corresponding news genre can be implemented? TODO: I am not happy with the titles and descriptions of these.">
			<title>
				<all>${tower} ${latebreaking}: ${title}</all>
			</title>
			<description>
				<de>Die Toplizenzen inkludiert! Sport aktuell. Jeden Tag neu. Die Topligen und Wettbewerbe der Nation und aus der ganzen Welt. Fußball, Eishockey, Basketball, Football, Tennis, Tischtennis, Leichtathletik, Boxen, Formel 1, Wintersport, alles dabei.</de>
				<en>The top licenses included! The latest in sports. New every day. The top leagues and competitions of the nation and around the world. Soccer, ice hockey, basketball, football, tennis, table tennis, athletics, boxing, formula 1, winter sports, you name it.</en>
				<pl>Najlepsze licencje w zestawie! Najnowsze osiągnięcia sportowe. Nowości każdego dnia. Najlepsze ligi i zawody w kraju i na świecie. Piłka nożna, hokej na lodzie, koszykówka, piłka nożna, tenis, tenis stołowy, lekkoatletyka, boks, Formuła 1, sporty zimowe, można wymieniać bez końca.</pl>
			</description>
			<variables>
				<tower>
					<all>TVT|Tower|TVTower</all>
				</tower>
				<latebreaking>
					<de>Brandaktuell|Aktuell</de>
					<en>Late-Breaking|Hot</en>
					<pl>Informacje|Aktualności</pl>
				</latebreaking>
				<title>
					<de>Sport|Die Sport-Rundumschau|Brennpunkt Sport|Top-Sport|Sport im Fokus|Sport im Blickpunkt</de>
					<en>Sports|The Sports Roundup|Hot Sports|Top Sports|Sports in Focus|Sports in the Spotlight</en>
					<pl>Sport|W biegu|Gorący sport|Najlepsze sporty|Sport w centrum!|Sport uwaga!</pl>
				</title>
			</variables>
			<jobs>
				<job index="0" function="1" required="1" />
				<job index="1" function="4" required="1" />
				<job index="2" function="8" required="1" />
				<job index="3" function="128" required="1" />
				<job index="4" function="64" required="0" />
			</jobs>
			<data flags="1" production_limit="12" production_broadcast_limit="2" production_broadcast_flags="512" production_licence_flags="36" target_groups="274" />
			<targetgroupattractivity women="0.75" />
			<genres maingenre="203" subgenres="103,300" />
			<blocks value="1" />
			<price min="500000" max="900000" />
			<potential min="60" max="90" />
			<outcome min="60" max="90" />
			<review min="60" max="90" />
			<speed min="60" max="90" />
			<production_time value="60" />
			<programme_data_modifiers>
				<modifier name="topicality::age" value="5" />
				<modifier name="topicality::refresh" value="2" />
			</programme_data_modifiers>
			<availability script='${.gt:${.worldtime:"daysplayed"}:18}' />
		</scripttemplate>
		<!-- TODO: More sports formats resp. 'Spiel ohne Grenzen', as proposed by ronny: "Bierpong", "Trocken-Curling", "Nagel-Weitklipsen", "Schaukelpferdparcours", "Brummkreiseln" ... -->
		<scripttemplate product="4" licence_type="1" guid="919f396e-c7c0-4191-abbc-01d559c0feef" creator="9551" comment="Perhaps some reciprocal effect with the corresponding news genre can be implemented? TODO: I am not happy with the titles and descriptions of these.">
			<title>
				<all>${tower} ${latebreaking}: ${title}</all>
			</title>
			<description>
				<de>Politik aktuell. Jeden Tag neu. Wir analysieren die neuesten Entwicklungen in Wirtschaft und Politik.</de>
				<en>Politics up to date. New every day. We analyze the latest developments in business and politics.</en>
				<pl>Polityka na bieżąco. Nowości każdego dnia. Analizujemy najnowsze wydarzenia w biznesie i polityce.</pl>
			</description>
			<variables>
				<tower>
					<all>TVT|Tower|TVTower</all>
				</tower>
				<latebreaking>
					<de>Brandaktuell|Aktuell</de>
					<en>Late-Breaking|Hot</en>
					<pl>Informacje|Aktualności</pl>
				</latebreaking>
				<title>
					<de>Politik|Wirtschaft und Politik|Fokus Politik|Polit-Klartext</de>
					<en>Politics|Business and Politics|Politics in Focus|Politics Plain Talk</en>
					<pl>Polityka|Biznes i polityka|W punkt|Rozmowy polityczne</pl>
				</title>
			</variables>
			<jobs>
				<job index="0" function="1" required="1" />
				<job index="1" function="4" required="1" />
				<job index="2" function="8" required="1" />
				<job index="3" function="128" required="1" />
				<job index="4" function="64" required="0" />
			</jobs>
			<data flags="5" production_limit="100" production_broadcast_limit="2" production_broadcast_flags="512" production_licence_flags="36" target_groups="96" />
			<genres maingenre="201" subgenres="300,101" />
			<blocks value="1" />
			<price min="50000" max="100000" />
			<potential min="40" max="80" />
			<outcome min="40" max="80" />
			<review min="40" max="80" />
			<speed min="40" max="80" />
			<production_time value="60" />
			<programme_data_modifiers>
				<modifier name="topicality::age" value="5" />
				<modifier name="topicality::refresh" value="2" />
			</programme_data_modifiers>
		</scripttemplate>
		<scripttemplate product="4" licence_type="1" guid="204d40f8-c25f-458b-a049-526c06f4661f" creator="9551" comment="Perhaps some reciprocal effect with the corresponding news genre can be implemented? TODO: I am not happy with the titles and descriptions of these.">
			<title>
				<all>${tower}: ${title}${latebreaking}</all>
			</title>
			<description>
				<de>Kultur aktuell. Jeden Tag neu. Vernissagen, Ausstellungen, Kulturfestivals, Konzerte, Kunst, Literatur. Neuerscheinungen sowie historische Rückblicke und Reflektionen.</de>
				<en>The latest in culture. New every day. Openings, exhibitions, cultural festivals, concerts, art, literature. New publications as well as historical retrospects and reflections.</en>
				<pl>Najnowsza kultura. Nowości każdego dnia. Wernisaże, wystawy, festiwale kulturalne, koncerty, sztuka, literatura. Nowości wydawnicze oraz historyczne retrospekcje i refleksje.</pl>
			</description>
			<variables>
				<tower>
					<all>TVT|Tower|TVTower</all>
				</tower>
				<title>
					<de>Kultur|Kunst und Kultur|Kulturwelt|Kultursphäre|Kulturwoche</de>
					<en>Culture|Art and Culture|Cultural World|Cultural Sphere|Cultural Week</en>
					<pl>Kultura|Sztuka i kultura|Świat kultury|Sfera kultury|Tydzień z kulturą</pl>
				</title>
				<latebreaking>
					<de> Aktuell| der Gegenwart| im aktuellen Kontext|</de>
					<en> Up-to-date| of the Present| in a Contemporary Context|</en>
					<pl> - aktualności| - wiadomości| - przegląd wydarzeń kulturalnych|</pl>
				</latebreaking>
			</variables>
			<jobs>
				<job index="0" function="1" required="1" />
				<job index="1" function="4" required="1" />
				<job index="2" function="8" required="1" />
				<job index="3" function="128" required="1" />
				<job index="4" function="64" required="0" />
			</jobs>
			<data flags="5" production_limit="100" production_broadcast_limit="2" production_broadcast_flags="512" production_licence_flags="36" target_groups="100" />
			<targetgroupattractivity men="0.75" />
			<genres maingenre="300" subgenres="6,11" />
			<blocks value="1" />
			<price min="30000" max="60000" />
			<potential min="40" max="80" />
			<outcome min="40" max="80" />
			<review min="40" max="80" />
			<speed min="40" max="80" />
			<production_time value="60" />
			<programme_data_modifiers>
				<modifier name="topicality::age" value="5" />
				<modifier name="topicality::refresh" value="2" />
			</programme_data_modifiers>
		</scripttemplate>
		<scripttemplate product="3" licence_type="1" guid="f13dd881-b149-4981-aa75-67dd6fe9663a" creator="9551" comment="TODO: I am not happy with the titles and descriptions of these.">
			<title>
				<all>${tower} ${latebreaking}: ${title}</all>
			</title>
			<description>
				<de>Die neuesten und heißesten Videospiele werden hier präsentiert und getestet. Nur für euch! Außerdem könnt ihr im Studio gegeneinander antreten und Preise gewinnen!</de>
				<en>The latest and hottest video games will be presented and tested here. Just for you! You can also compete against each other in the studio and win prizes!</en>
				<pl>Najnowsze i najgorętsze gry wideo będą tutaj prezentowane i testowane. Tylko dla Ciebie! Możesz także rywalizować ze sobą w studiu i wygrywać nagrody!</pl>
			</description>
			<variables>
				<tower>
					<all>TVT|Tower|TVTower</all>
				</tower>
				<latebreaking>
					<de>Brandaktuell|Aktuell</de>
					<en>Late-Breaking|Hot</en>
					<pl>Informacje|Aktualności</pl>
				</latebreaking>
				<title>
					<de>Die Videospiele-Show|Arcade Action|Hot Games|Video Action</de>
					<en>The Videogame Show|Arcade Action|Hot Games|Video Action</en>
					<pl>Wideogry|Arcade Action|W co warto grać?|Komputerowy świat gier</pl>
				</title>
			</variables>
			<jobs>
				<job index="0" function="1" required="1" />
				<job index="1" function="4" required="1" />
				<job index="2" function="8" required="1" />
				<job index="3" function="128" required="1" />
				<job index="4" function="64" required="0" />
			</jobs>
			<data flags="1" production_limit="100" production_broadcast_limit="2" production_broadcast_flags="512" production_licence_flags="36" target_groups="19" />
			<targetgroupattractivity men="1.25" women="0.5" children_male="2" teenagers_male="2" unemployed="2" pensioners="0.25" />
			<genres maingenre="104" subgenres="2,16" />
			<blocks value="1" />
			<price min="30000" max="60000" />
			<potential min="40" max="80" />
			<outcome min="40" max="80" />
			<review min="40" max="80" />
			<speed min="40" max="80" />
			<production_time value="60" />
			<programme_data_modifiers>
				<modifier name="topicality::age" value="5" />
				<modifier name="topicality::refresh" value="2" />
			</programme_data_modifiers>
		</scripttemplate>
		<scripttemplate product="4" licence_type="1" guid="14c23a4a-9d4b-4c87-8890-45652ce81cd4" creator="9551" comment="inspired from programme from original MadTV">
			<title>
				<de>Die Götterwelt von ${bali}</de>
				<en>The Gods of ${bali}</en>
				<pl>Bogowie ${bali}</pl>
			</title>
			<description>
				<de>Alle 412.000 Götter werden vorgestellt.

Also 4120 per Episode.</de>
				<en>All 412,000 gods are presented.

So that's 4120 per episode.</en>
				<pl>Przedstawiono wszystkich 412 000 bogów.

Czyli 4120 na odcinek.</pl>
			</description>
			<variables>
				<bali>
					<de>Bali|Laos|Kambodscha|Bhutan|Nepal|Bangladesch|Sri Lanka|Tibet|Vietnam|Macau|Kalmückien|Myanmar</de> <!-- TODO: earlier Birma/Burma -->
					<en>Bali|Laos|Cambodia|Bhutan|Nepal|Bangladesh|Sri Lanka|Tibet|Vietnam|Macau|Kalmykia|Myanmar</en>
					<pl>Bali|Laosu|Kambodży|Bhutanu|Nepalu|Bangladeszu|Sri Lanki|Tybetu|Wietnamu|Makau|Greccy|Węgier</pl>
				</bali>
			</variables>
			<jobs>
				<job index="0" function="1" required="1" />
				<job index="1" function="4" required="1" />
				<job index="2" function="128" required="1" />
			</jobs>
			<data flags="4" production_limit="100" production_broadcast_limit="2" production_licence_flags="36" target_groups="68" />
			<targetgroupattractivity men="0.5" />
			<genres maingenre="6" subgenres="300" />
			<blocks value="2" />
			<price min="30000" max="90000" />
			<potential min="20" max="70" />
			<outcome min="20" max="70" />
			<review min="30" max="80" />
			<speed min="20" max="50" />
			<programme_data_modifiers> <!-- Idea is that while the content itself may be kind of ageless and could reach Discovery Channel-like quality, the episodes are nevertheless meant to be discarded quickly (only 2 broadcasts) as there are too many gods to cover, and as to not spam one's archive. -->
				<modifier name="topicality::age" value="0.1" />
				<modifier name="topicality::refresh" value="0.7" />
			</programme_data_modifiers>
		</scripttemplate>
		<scripttemplate product="1" licence_type="1" guid="40d169cd-eeb2-400e-b839-f69690893bc1" creator="9551" comment="Quelle: Das Kino in meinem Kopf, das enstand, als ich zum ersten Mal den Titel von TheRob-Script-Com-EngeloderBengel, bei mir 'Aribert außer Rand und Band' gelesen hatte. :)">
			<title>
				<all>${title}</all>
			</title>
			<description>
				<de>${name} ist behütet in einer fürsorglichen Familie aufgewachsen und lebt Mitte 20 in einer Studenten-WG mit braven Kommilitonen. Doch er spürt, etwas ist in ihm. Was ist das nur? Ist er vielleicht nicht ganz monogam? Sein Umfeld beginnt zu verzweifeln...</de>
				<en>${name} grew up safely in a caring family and in his mid-20s lives in a flat-share with well-behaved fellow students. But he senses something is inside him. What is it? Is he perhaps not quite monogamous? Everyone close to him begins to despair...</en>
				<pl>${name} dorastał bezpiecznie w troskliwej rodzinie, a po dwudziestce mieszka we wspólnym mieszkaniu z dobrze wychowanymi kolegami ze studiów. Ale czuje, że coś w nim jest. Co to jest? Może nie jest do końca monogamiczny? Wszyscy jego bliscy zaczynają rozpaczać...</pl>
			</description>
			<variables>
				<title>
					<de>${name} vogelwild|${name} ganz aus dem Häuschen|${name} voll aufgekratzt|Für ${name} gibt es kein Morgen mehr|${name} nicht mehr zu bändigen|${name} ganz ganz wild|${name} völlig ungezügelt|${name} wird ganz wild</de>
					<en>${name} all boisterous|${name} all over the place|${name} totally psyched|For ${name} there is no more tomorrow|${name} no longer to be tamed|${name} going so very wild|${name} totally unbridled|${name} gets all wild</en>
					<pl>${name} dziki jak ptak|${name} podekscytowany|${name} totalnie zakręcony|Nie ma jutra dla ${name}|${name} oszołomiony|${name} wariuje|${name} idzie na całość|${name} ma wszystko gdzieś!</pl>
				</title>
				<name>${.persongenerator:"firstname":"de":"male"}|${.persongenerator:"firstname":"es":"male"}</name>
			</variables>
			<jobs>
				<job index="0" function="1" required="1" />
				<job index="1" function="2" required="1" gender="1" />
				<job index="2" function="2" required="1" gender="2" />
				<job index="3" function="2" required="1" gender="1" />
				<job index="4" function="2" required="1" gender="2" />
				<job index="5" function="2" required="1" gender="1" />
			</jobs>
			<data target_groups="6" />
			<targetgroupattractivity children="1.25" pensioners="0.25" />
			<genres maingenre="5" subgenres="7,9" />
			<blocks min="2" max="3" />
			<price min="60000" max="111500" />
			<potential min="65" max="100" />
			<outcome min="65" max="100" />
			<review min="65" max="100" />
			<speed min="65" max="100" />
			<studio_size min="2" max="3" />
		</scripttemplate>
		<scripttemplate product="2" licence_type="3" guid="d26ee4f9-1b61-4b7a-926a-e462256b127b" creator="9551" comment="Making some use of the existing fairytale characters. Descriptions created with help of ChatGPT.">
			<title>
				<de>${.self:"role":2:"firstname"} und ${.self:"role":1:"firstname"} im Märchenwald</de>
				<en>${.self:"role":2:"firstname"} and ${.self:"role":1:"firstname"} in the Woods of Wonder</en>
			</title>
			<description>
				<de>Vor ihrem bekannten Aufeinandertreffen mit dem Bären erleben die heranwachsenden ${.self:"role":1:"firstname"} und ${.self:"role":2:"firstname"} zusammen mit den Kindern ${.self:"role":3:"firstname"}, ${.self:"role":4:"firstname"} und ${.self:"role":5:"firstname"} Abenteuer im Wald.</de>
				<en>Before their famous encounter with the bear, the adolescent ${.self:"role":1:"firstname"} and ${.self:"role":2:"firstname"} experience adventures in the forest together with the children ${.self:"role":3:"firstname"}, ${.self:"role":4:"firstname"} and ${.self:"role":5:"firstname"}.</en>
			</description>
			<children>
				<scripttemplate index="0" product="2" licence_type="2" guid="5bda9699-4cc2-49cd-875a-70e666594d56">
					<title>
						<de>Die flüsternden Bäume</de>
						<en>The Whispering Trees</en>
					</title>
					<description>
						<de>${.self:"role":5:"firstname"} bläst sein Horn in den Verwunschenen Wäldern und erweckt flüsternde Bäume, uralte Hüter und tückische Elfen, die die Abenteurer nun kichernd mit Illusionen und falschen Fährten in die Irre führen.</de>
						<en>${.self:"role":5:"firstname"} blows his horn in the Enchanted Woods and awakens whispering trees, ancient guardians and elusive sprites, who now, while giggling, lead the adventurers astray with illusions and false trails.</en>
					</description>
				</scripttemplate>
				<scripttemplate index="1" product="2" licence_type="2" guid="f4fddd1c-0f95-4887-8a76-7994b94e26ef">
					<title>
						<de>Spuk am Kaminfeuer</de>
						<en>The Haunted Hearth</en>
					</title>
					<description>
						<de>Auf der Suche nach Schutz vor einem Sturm stößt die Gruppe auf eine scheinbar in der Zeit eingefrorene Hütte. Im Inneren entdecken sie ein verstaubtes Tagebuch, das auf einen von geisterhaften Hütern bewachten verlorenen Schatz hinweist.</de>
						<en>Seeking shelter from a storm, the group stumbles upon a cottage seemingly frozen in time. Inside, they uncover a dusty journal hinting at a lost treasure guarded by spectral guardians.</en>
					</description>
				</scripttemplate>
				<scripttemplate index="2" product="2" licence_type="2" guid="78e0abc7-0df0-435a-89d4-8000dc9a820f">
					<title>
						<de>Der Spiegel der Wahrheit</de>
						<en>The Mirror of Truth</en>
					</title>
					<description>
						<de>Noch in der Hütte steckt ${.self:"role":3:"fullname"} seinen Daumen in einen Kuchen und zieht eine Pflaume heraus, aber ein mystischer Spiegel reflektiert etwas anderes - er enthüllt die verborgensten Geheimnisse aller, was mit dem angesprochenen Schatz zu tun haben könnte.</de>
						<en>Still in the cottage, ${.self:"role":3:"fullname"} puts his thumb into a pie and pulls out a plum, but a mystical mirror reflects something else - it reveals the deepest secrets of everyone, which might have something to do with the treasure mentioned.</en>
					</description>
				</scripttemplate>
				<scripttemplate index="3" product="2" licence_type="2" guid="408d1dbe-0887-4249-a7e6-15f206c63082">
					<title>
						<de>Die Rätsel der Mondschein-Lichtung</de>
						<en>Riddles of the Moonlit Glade</en>
					</title>
					<description>
						<de>Um einen gefangenen Faun zu retten, müssen unsere Abenteurer den schelmischen Koboldkönig überlisten. Seine Rätsel, die buchstäblich in das Gewebe der Mondschein-Lichtung eingeflochten sind, fordern all ihre Auffassungsgabe und Kreativität heraus.</de>
						<en>To rescue a captured faun, our adventurers must outwit the mischievous Goblin King. His riddles, woven into the very fabric of the moonlit glade, challenge their logic and creativity.</en>
					</description>
				</scripttemplate>
				<scripttemplate index="4" product="2" licence_type="2" guid="357292ab-33d4-4646-8694-9acacc94ff8a">
					<title>
						<de>Der Wächter des Vergessenen Hains</de>
						<en>The Guardian of the Forgotten Grove</en>
					</title>
					<description>
						<de>Im Herzen des Waldes der Finsternis liegt der Vergessene Hain, bewacht von einer furchterregenden Chimäre. Kann die Gruppe den schwer greifbaren Goldenen Schlüssel finden?</de>
						<en>In the heart of the Forest of Darkness lies the Forgotten Grove, guarded by a fearsome Chimera. Can the group find the elusive Golden Key?</en>
					</description>
				</scripttemplate>
			</children>
			<jobs>
				<job index="0" function="1" required="1" />
				<job index="1" function="2" required="1" role_guid="9faa394a-3c7e-4943-9236-7ccf70db6c6e" />
				<job index="2" function="2" required="1" role_guid="e38dc13c-ce6a-4a0f-98f5-fd5cec332bf6" />
				<job index="3" function="2" required="1" role_guid="520fcf21-87d3-4a4d-a791-8c3b55bec8a0" />
				<job index="4" function="2" required="1" role_guid="b3ec26ce-9105-4545-b66f-c08dc5ce91bb" />
				<job index="5" function="2" required="1" role_guid="71bb14c4-800e-4be0-a3c5-9ab868ac4b4a" />
				<job index="6" function="32" required="1" gender="1" />
				<job index="7" function="32" required="1" gender="2" />
			</jobs>
			<data target_groups="69" />
			<targetgroupattractivity men="0.75" />
			<genres maingenre="9" subgenres="10,1" />
			<episodes min="5" max="5" />
			<blocks value="1" />
			<price min="70000" max="150000" />
			<potential min="20" max="60" />
			<outcome min="20" max="60" />
			<review min="20" max="60" />
			<speed min="20" max="60" />
			<studio_size value="2" />
		</scripttemplate>
		<scripttemplate product="1" licence_type="1" guid="d664f243-15d6-4645-886e-27a3e8cf8533" creator="9551" comment="Screenplay version / continuation of dba43687-9030-4e8f-9d8d-8bf2b8bafeb2 | Description largely by ChatGPT">
			<title>
				<de>Sekretärinnen-Bericht 2. Teil - Karrieren, Kaffee &amp; Knutschen</de>
				<en>Secretaries Report Part 2 - Careers, Coffee &amp; Canoodling</en>
			</title>
			<description>
				<de>Das Büro brodelt! Neue Sekretärin ${.self:"role":1:"fullname"} bringt frischen Schwung, Meetings werden zur Dating-Show, während Chef ${.self:"role":2:"fullname"} hinterm Schreibtisch charmant Chaos stiftet. Und ${.self:"role":3:"fullname"} entdeckt, dass Verträge und Knutschen mehr gemeinsam haben als gedacht.</de>
				<en>The office is on fire! New secretary ${.self:"role":1:"fullname"} brings fresh energy, meetings turn into a dating show, while boss ${.self:"role":2:"fullname"} charmingly creates chaos behind his desk. And ${.self:"role":3:"fullname"} discovers that contracts and canoodling have more in common than she thought.</en>
			</description>
			<jobs>
				<job index="0" function="1" required="1" />
				<job index="1" function="2" required="1" role_guid="0db77eb6-b378-4a92-b023-ff14ff6b425b" />
				<job index="2" function="2" required="1" role_guid="24ee8796-c890-4a27-90a8-d16a54540107" />
				<job index="3" function="2" required="1" role_guid="63eea7e7-a2b6-4e6a-8a10-2d3c18878ae2" />
				<job index="4" function="2" required="1" gender="2" />
				<job index="5" function="2" required="1" gender="2" />
				<job index="6" function="2" required="1" gender="1" />
			</jobs>
			<data flags="96" flags_optional="" target_groups="274" available="0" /> <!-- availability triggered by dba43687-9030-4e8f-9d8d-8bf2b8bafeb2 -->
			<genres maingenre="8" subgenres="301,5" />
			<blocks value="2" />
			<price min="50000" max="100000" />
			<potential min="5" max="50" />
			<outcome min="5" max="50" />
			<review min="5" max="15" />
			<speed min="5" max="50" />
			<studio_size value="2" />
			<effects>
				<effect trigger="broadcastFirstTime" type="modifyScriptAvailability" enable="1" guid="443fa70e-450c-4085-a4de-c41b23e295ef" />
			</effects>
		</scripttemplate>
		<scripttemplate product="1" licence_type="1" guid="443fa70e-450c-4085-a4de-c41b23e295ef" creator="9551" comment="Description largely by ChatGPT">
			<title>
				<de>Sekretärinnen-Bericht 3. Teil - Stenografie, Streiche &amp; Sinnlichkeit</de>
				<en>Secretaries Report Part 3 - Shorthand, Stunts &amp; Sensuality</en>
			</title>
			<description>
				<de>Jetzt wird's noch bunter: ${.self:"role":1:"fullname"} wird zur Meisterin der Stenografie und anderer Quickies, Fax und Fon klingeln im Rhythmus der Aktion und ${.self:"role":2:"fullname"}s klappernder Schreibmaschine... Inmitten biederer Bürokratie brodelt feurige Fantasie.</de>
				<en>Now it all gets extra sparkly: ${.self:"role":1:"fullname"} becomes a master of shorthand and other quickies, fax and phone ring to the rhythm of the action and ${.self:"role":2:"fullname"}'s clattering typewriter.,, In the midst of bland bureaucracy, fiery fantasies are fizzing.</en>
			</description>
			<jobs>
				<job index="0" function="1" required="1" />
				<job index="1" function="2" required="1" role_guid="16268794-0b87-4fe9-85aa-b76420dac760" />
				<job index="2" function="2" required="1" role_guid="e0848a91-7e3c-4182-be61-fa8adaf524ea" />
				<job index="3" function="2" required="1" gender="2" />
				<job index="4" function="2" required="1" gender="2" />
				<job index="5" function="2" required="1" gender="2" />
				<job index="6" function="2" required="1" gender="1" />
			</jobs>
			<data flags="96" flags_optional="" target_groups="274" available="0" /> <!-- availability triggered by d664f243-15d6-4645-886e-27a3e8cf8533 -->
			<genres maingenre="8" subgenres="301,5" />
			<blocks value="2" />
			<price min="50000" max="100000" />
			<potential min="5" max="50" />
			<outcome min="5" max="50" />
			<review min="5" max="15" />
			<speed min="5" max="50" />
			<studio_size value="2" />
			<effects>
				<effect trigger="broadcastFirstTime" type="modifyScriptAvailability" enable="1" guid="8be4356f-7d69-4e7c-b845-b7d3ad63a9d4" />
			</effects>
		</scripttemplate>
		<scripttemplate product="1" licence_type="1" guid="8be4356f-7d69-4e7c-b845-b7d3ad63a9d4" creator="9551">
			<title>
				<de>Sekretärinnen-Bericht 4. Teil</de>
				<en>Secretaries Report Part 4</en>
			</title>
			<description>
				<de>Die blonde ${.self:"role":1:"firstname"} von der obersten Etage führt ihre zahlreichen Verehrer an der Nase rum, bei Makler ${.self:"role":2:"lastname"} gibt's 'ne Natursekt-Party, der Chef ${.self:"role":3:"fullname"} wird in Fetisch-Ledermontur in der Wäscherei erwischt,.. Moment mal, das ist doch nicht...?</de>
				<en>Blonde ${.self:"role":1:"firstname"} from the top floor leads her numerous admirers around by the nose, there's a golden shower party at real estate agent ${.self:"role":2:"lastname"}'s, the boss ${.self:"role":3:"fullname"} is caught in a fetish leather outfit in the laundry room,... Wait a minute, isn't that...?</en> <!-- TODO: ref last name Higwig -->
			</description>
			<jobs>
				<job index="0" function="1" required="1" />
				<job index="1" function="2" required="1" role_guid="bcc023e0-436c-434b-a8a1-34db387abd3b" />
				<job index="2" function="2" required="1" role_guid="a26420cb-a727-47b0-b976-14926210cbef" />
				<job index="3" function="2" required="1" role_guid="442145ed-a077-4591-963b-3603d8d8013f" />
				<job index="4" function="2" required="1" gender="2" />
				<job index="5" function="2" required="1" gender="2" />
				<job index="6" function="2" required="1" gender="1" />
				<job index="7" function="2" required="1" gender="2" />
			</jobs>
			<data flags="96" flags_optional="" target_groups="274" available="0" /> <!-- availability triggered by 443fa70e-450c-4085-a4de-c41b23e295ef -->
			<genres maingenre="8" subgenres="301,5" />
			<blocks value="2" />
			<price min="50000" max="100000" />
			<potential min="5" max="50" />
			<outcome min="5" max="50" />
			<review min="5" max="15" />
			<speed min="5" max="50" />
			<studio_size value="2" />
		</scripttemplate>

			<!-- fictional screenplays and parodies not based on original titles -->

		<scripttemplate product="1" licence_type="1" guid="d31d1720-d567-4479-8ac9-f77d13848f3c" creator="9551" comment="Parody/spoof also in real-title mode of https://en.wikipedia.org/wiki/Charlie_and_the_Chocolate_Factory | TODO: Maybe yet another parody and erotic comedy version: W. Wanker and the Sex Toy Factory">
			<title>
				<de>${.self:"role":1:"fullname"} und die Spirituosenfabrik</de>
				<en>${.self:"role":1:"fullname"} and the Liquor Factory</en>
			</title>
			<description>
				<de>Der stümperhafte Pfandflaschensammler und Alkoholiker ${.self:"role":2:"fullname"} findet auf einer Bierflasche eins der begehrten Tickets für die Trinklieder-Tour des exzentrischen ${.self:"role":1:"fullname"}. Die Stößchen-Stößchen-Adligen dort nerven aber ziemlich rum.</de>
				<en>The bumbling deposit bottle collector and alcoholic ${.self:"role":2:"fullname"} finds, on a beer bottle, one of the coveted tickets for the drinking-song-tour of the eccentric ${.self:"role":1:"fullname"}. However, the pint-swilling aristocrats there are quite the nuisance.</en>
			</description>
			<jobs>
				<job index="0" function="1" required="1" />
				<job index="1" function="2" required="1" role_guid="5c61faef-3078-45d9-ac40-b6c857386a6b" />
				<job index="2" function="2" required="1" role_guid="5ef9df02-db41-4fa9-927d-9a5b1603c977" />
				<job index="3" function="2" required="1" role_guid="f04b97f2-7d59-491c-81e5-0ba7e949ffd4" />
				<job index="4" function="2" required="1" role_guid="938800c9-5a61-4928-aae1-862a23277772" />
				<job index="5" function="2" required="1" role_guid="78f6fce7-00cc-40b5-b3da-6a062f0ad4ab" />
				<job index="6" function="2" required="1" role_guid="0a688b25-78d6-46c5-8d1d-7a9072d23ec1" />
				<job index="7" function="2" required="1" role_guid="74299967-c143-4bc1-a27b-7ba415eaa5f5" />
				<job index="8" function="2" required="1" role_guid="9cefefa0-986d-410a-8574-1c1c9254ecab" />
				<job index="9" function="32" required="1" gender="2" />
				<job index="10" function="32" required="1" gender="1" />
			</jobs>
			<data flags="0" flags_optional="" target_groups="18" available="0" /> <!-- availability triggered by 9466ee7a-fb52-46cc-992f-cd9c873acf3d or 95520cdd-fece-491d-b21e-aec441e27046 -->
			<targetgroupattractivity pensioners="0.25" />
			<genres maingenre="5" subgenres="202,1" />
			<blocks value="2" />
			<price min="150000" max="300000" />
			<potential min="20" max="50" />
			<outcome min="20" max="50" />
			<review min="20" max="50" />
			<speed min="20" max="50" />
			<studio_size value="2" />
		</scripttemplate>
	</scripttemplates>
</tvtdb>

