<?xml version="1.0" encoding="utf-8"?>
<tvtdb>
	<version value="3" />
	<!--
	0			0 	 - 0,25			100 - 3000
	0,25		0,10 - 0,60			100 - 2500
	0,5			0,33 - 1,20			100 - 2000
	1			0,75 - 2,75			100 - 1750
	2,5			2,25 - 5,25			100 - 1500
	5			4,75 - 8,00			100 - 1250
	10			6,00 - 12,00		100 - 1200
	25			9,00 - 18,00		100 - 1000
	50			12,00 - 24,00		100 - 850
	100			20,00 - 50,00		100 - 750
	-->
	<allads>
		<ad guid="aefdd1f0-cb2f-42f3-9939-46bd6a650c2f" comment="https://en.wikipedia.org/wiki/Grand_Monster_Slam | variation of Mad TV 'Logical'">
			<title>
				<all>${mediatitle_grandmonsterslam}</all>
			</title>
			<description>
				<de>Der Super-Spiel-Spaß von ${brand_rainbowarts}! Als Brettspiel und elektronisch.</de>
				<en>The super fun game by ${brand_rainbowarts}! Available as a board game and digitally.</en>
				<pl>Super zabawna gra ${brand_rainbowarts}! Dostępna jako gra planszowa i w wersji cyfrowej.</pl>
			</description>
			<conditions min_audience="0.3898" min_image="0" target_group="0" pro_pressure_groups="0" contra_pressure_groups="0" />
			<data quality="25" repetitions="5" duration="8" profit="1500" penalty="3131" fix_infomercial_profit="1" />
		</ad>

		<ad guid="067fed5e-8bd4-41ae-9037-63e39fe1abde" comment="https://www.mobygames.com/game/541/logcal/ | from Mad TV as 'Logical'">
			<title>
				<all>${mediatitle_logical}</all>
			</title>
			<description>
				<de>Der Super-Spiel-Spaß von ${brand_rainbowarts}! Als Brettspiel und elektronisch.</de>
				<en>The super fun game by ${brand_rainbowarts}! Available as a board game and digitally.</en>
				<pl>Super zabawna gra ${brand_rainbowarts}! Dostępna jako gra planszowa i w wersji cyfrowej.</pl>
			</description>
			<conditions min_audience="0.2074" min_image="0" target_group="0" pro_pressure_groups="0" contra_pressure_groups="0" />
			<data quality="6" repetitions="2" duration="5" profit="2500" penalty="4000" fix_infomercial_profit="1" />
		</ad>

		<ad guid="320dcf2f-3cc1-4cdd-af5f-078d984a4ad8" comment="1979-1989 | https://en.wikipedia.org/wiki/Multi-user_dungeon | earlier incarnation of fcc7b834-283c-4ad8-a4db-c5110be687ac (not related, just because of similar name)">
			<title>
				<all>M.U.D.</all>
			</title>
			<description>
				<de>Die Mehrspieler-Dungeon-Sensation jetzt auch an einer Universität oder in einem Rechenzentrum in Ihrer Nähe!</de>
				<en>The multiplayer dungeon sensation now available at a university or computing center near you!</en>
				<pl>Sensacja multiplayer dungeon jest teraz dostępna na uniwersytecie lub w centrum komputerowym w pobliżu!</pl>
			</description>
			<conditions min_audience="0.4679" min_image="0" target_group="0" pro_pressure_groups="0" contra_pressure_groups="0" />
			<data quality="35" repetitions="6" duration="2" profit="1800" penalty="1500" fix_infomercial_profit="1" />
			<availability year_range_from="1979" year_range_to="1989" />
		</ad>

		<ad guid="fcc7b834-283c-4ad8-a4db-c5110be687ac" comment="1990-1993 | https://de.wikipedia.org/wiki/M.U.D.S. | variation of Mad TV 'Logical'">
			<title>
				<all>${mediatitle_muds}</all>
			</title>
			<description>
				<de>Der Super-Spiel-Spaß von ${brand_rainbowarts}! Als Brettspiel und elektronisch.</de>
				<en>The super fun game by ${brand_rainbowarts}! Available as a board game and digitally.</en>
				<pl>Super zabawna gra ${brand_rainbowarts}! Dostępna jako gra planszowa i w wersji cyfrowej.</pl>
			</description>
			<conditions min_audience="0.4679" min_image="0" target_group="0" pro_pressure_groups="0" contra_pressure_groups="0" />
			<data quality="35" repetitions="6" duration="2" profit="1800" penalty="1500" fix_infomercial_profit="1" />
			<availability year_range_from="1990" year_range_to="1993" />
		</ad>

		<ad guid="a693205f-9315-4d3f-9cc7-f469651e91f4" comment="1994- | fictional">
			<title>
				<all>Level Up Mag</all>
			</title>
			<description>
				<de>Levelt euch up auf den nächsten Level und levelt dann alles nieder! Das Mag mit den vernichtendsten Tips für die neusten und erfolgreichsten MMORPGs.</de>
				<en>Level up to the next level to level everything down to the ground! The mag with the most crushing tips for the newest and most successful MMORPGs.</en>
				<pl>Awansuj na kolejne poziomy, by zrównać wszystko z ziemią! Magazyn z najbardziej miażdżącymi wskazówkami dla najnowszych i najbardziej udanych gier MMORPG.</pl>
			</description>
			<conditions min_audience="0.4679" min_image="0" target_group="0" pro_pressure_groups="0" contra_pressure_groups="0" />
			<data quality="35" repetitions="6" duration="2" profit="1800" penalty="1500" fix_infomercial_profit="1" />
			<availability year_range_from="1994" />
		</ad>

		<ad guid="036e8811-5486-4c8a-87a5-6b09983f5661" comment="variation of Mad TV 'La Baguette'">
			<title>
				<all>Los Tacos</all>
			</title>
			<description>
				<de>Ihre Tacos in 1, 2 oder 3 Meter Länge!</de>
				<en>Your tacos in lengths of 1, 2 or 3 metres!</en>
				<pl>Twoje tacos o długości 1, 2 lub 3 metry!</pl>
			</description>
			<conditions min_audience="1.3" min_image="0" target_group="0" pro_pressure_groups="0" contra_pressure_groups="0" />
			<data quality="4" repetitions="8" duration="1" profit="1150" penalty="1784" fix_infomercial_profit="1" />
		</ad>

		<ad guid="2f736646-4649-4315-8389-8838661ee18c" comment="variation of Mad TV 'La Baguette'">
			<title>
				<all>Los Rollos</all>
			</title>
			<description>
				<de>Ihre Frühlingsrollen in 1, 2 oder 3 Meter Länge!</de>
				<en>Your egg rolls in lengths of 1, 2 or 3 metres!</en>
				<pl>Sajgonki o długości 1, 2 lub 3 metry!</pl>
			</description>
			<conditions min_audience="2.6" min_image="0" target_group="0" pro_pressure_groups="0" contra_pressure_groups="0" />
			<data quality="3" repetitions="2" duration="3" profit="680" penalty="1100" fix_infomercial_profit="1" />
		</ad>

		<ad guid="9af77f26-480d-4e81-875a-26f88716b43e" comment="https://en.wikipedia.org/wiki/Reebok | from Mad TV as 'Reebock' (sic)">
			<title>
				<all>${brand_reebok}</all>
			</title>
			<description>
				<de>Der Schuh der flitzt.</de> <!-- Mad TV: Reebock sitzt -->
				<en>The shoe that flits.</en> <!-- Mad TV: Reebock means sitting down -->
				<pl>But który pasuje</pl>
			</description>
			<conditions min_audience="11.46" min_image="0" target_group="0" pro_pressure_groups="0" contra_pressure_groups="0" />
			<data quality="10" repetitions="7" duration="2" profit="345" penalty="790" infomercial_profit="16" fix_infomercial_profit="1" />
		</ad>

		<ad guid="0aba4ccc-d8af-4ca0-96bf-0bf3fca41ee9" comment="from Mad TV">
			<title>
				<de>Kariodent</de>
				<en>Cariodent</en>
				<pl>Kitdent</pl>
			</title>
			<description>
				<de>Stopft Löcher auch in schlechten Zähnen.</de>
				<en>Plugs holes even in bad teeth.</en>
				<pl>Zatyka dziury nawet w uszkodzonych zębach.</pl>
			</description>
			<conditions min_audience="9.3772" min_image="0" target_group="0" pro_pressure_groups="0" contra_pressure_groups="0" />
			<data quality="13" repetitions="8" duration="1" profit="360" penalty="600" infomercial_profit="196" fix_infomercial_profit="1" />
		</ad>

		<ad guid="3291c7ea-02b3-45ca-8d8f-9cfa74176e8a" comment="https://en.wikipedia.org/wiki/Schneider_Rundfunkwerke | from Mad TV as 'Schneider'">
			<title>
				<all>${brand_schneider}</all>
			</title>
			<description>
				<de>${brand_schneider}-Computer: Jetzt mit drei ${brand_rainbowarts}-Spielen!</de>
				<en>${brand_schneider} Computers: Now with three ${brand_rainbowarts} games!</en>
				<pl>${brand_schneider} Computers: Teraz z trzema grami ${brand_rainbowarts}!</pl>
			</description>
			<conditions min_audience="5.73" min_image="0" target_group="0" pro_pressure_groups="0" contra_pressure_groups="0" />
			<data quality="26" repetitions="3" duration="8" profit="460" penalty="1200" infomercial_profit="106" fix_infomercial_profit="1" />
		</ad>

		<ad guid="51a9f455-a565-46dd-9146-45d5a72a367e" comment="from Mad TV">
			<title>
				<all>Kapitalia</all>
			</title>
			<description>
				<de>Kapitalia Lebensversicherungen - Wir verwalten ihr Geld schnell und verlässlich.</de>
				<en>Kapitalia Life Insurance - We manage your money quickly and reliably.</en>
				<pl>Kapitalia Ubezpieczenia na życie - Zarządzamy Twoimi pieniędzmi szybko i niezawodnie.</pl>
			</description>
			<conditions min_audience="3.13" min_image="0" target_group="0" pro_pressure_groups="0" contra_pressure_groups="0" />
			<data quality="32" repetitions="1" duration="2" profit="550" penalty="2181" infomercial_profit="251" fix_infomercial_profit="1" />
		</ad>

		<ad guid="c6a6f39a-7306-4ec0-a39d-a438484f55f6" comment="from Mad TV">
			<title>
				<all>Partners</all>
			</title>
			<description>
				<de>Partner-Moden von Pariser Spitzen-Designern.</de>
				<en>Partner fashion by Parisian (l)ace designers.</en>
				<pl>Moda partnerska paryskich projektantów.</pl>
			</description>
			<conditions min_audience="4.6881" min_image="0" target_group="0" pro_pressure_groups="0" contra_pressure_groups="0" />
			<data quality="24" repetitions="2" duration="1" profit="500" penalty="1300" infomercial_profit="154" fix_infomercial_profit="1" />
		</ad>

		<ad guid="73624f50-1cc0-48b1-8bbe-0e75deea0b6b" comment="1980-1991 | arguably https://en.wikipedia.org/wiki/Nintendo | from Mad TV as 'Nipponix' | using as real Nintendo now, maybe 'Nipponix' should be something different">
			<title>
				<all>${brand_nintendo}</all>
			</title>
			<description>
				<de>Das NEUE Telespiel mit drei eingebauten Spielen!</de>
				<en>The NEW telly console with three built-in games!</en>
				<pl>NOWA konsola telewizyjna z trzema wbudowanymi grami!</pl>
			</description>
			<conditions min_audience="2.34" min_image="0" target_group="0" pro_pressure_groups="0" contra_pressure_groups="0" />
			<data quality="17" repetitions="5" duration="4" profit="650" penalty="1498" infomercial_profit="178" fix_infomercial_profit="1" />
			<availability year_range_from="1980" year_range_to="1991" />
		</ad>

		<ad guid="e8d5fce4-89ed-4a37-bc1f-c042e36ae260" comment="1992 - 1995 | https://en.wikipedia.org/wiki/Super_Nintendo_Entertainment_System | from Mad TV as 'Super Nintendo'">
			<title>
				<all>Super ${brand_nintendo}</all>
			</title>
			<description>
				<de>Holt Euch den neuen ${brand_supernes} Spielspaß!</de>
				<en>Get your hands on the new ${brand_supernes} fun!</en>
				<pl>Weź w swoje ręce nową zabawkę ${brand_supernes}!</pl>
			</description>
			<conditions min_audience="2.34" min_image="0" target_group="0" pro_pressure_groups="0" contra_pressure_groups="0" />
			<data quality="17" repetitions="5" duration="4" profit="650" penalty="1498" infomercial_profit="178" fix_infomercial_profit="1" />
			<availability year_range_from="1992" year_range_to="1995" />
		</ad>

		<ad guid="8f143ac1-37ca-4397-9306-00825c266c55" comment="1996 - 2001 | https://en.wikipedia.org/wiki/Nintendo_64">
			<title>
				<all>${brand_nintendo} 64</all>
			</title>
			<description>
				<de>Das NEUE Telespiel mit den Super-Mega-Cartridges!</de>
				<en>The NEW telly console with the super mega cartridges!</en>
				<pl>NOWA konsola telewizyjna z super mega kartridżami!</pl>
			</description>
			<conditions min_audience="2.34" min_image="0" target_group="0" pro_pressure_groups="0" contra_pressure_groups="0" />
			<data quality="17" repetitions="5" duration="4" profit="650" penalty="1498" infomercial_profit="178" fix_infomercial_profit="1" />
			<availability year_range_from="1996" year_range_to="2001" />
		</ad>

		<ad guid="8e6cfcf6-5667-42a3-ae20-b376f6daf68e" comment="2002 - 2007 | https://en.wikipedia.org/wiki/GameCube">
			<title>
				<all>${brand_gamecube}</all>
			</title>
			<description>
				<de>Das NEUE Telespiel! Mit den Mini-DVDs!</de>
				<en>The NEW telly console! With the mini DVDs!</en>
				<pl>Nowa konsola telewizyjna! Z mini DVD!</pl>
			</description>
			<conditions min_audience="2.34" min_image="0" target_group="0" pro_pressure_groups="0" contra_pressure_groups="0" />
			<data quality="17" repetitions="5" duration="4" profit="650" penalty="1498" infomercial_profit="178" fix_infomercial_profit="1" />
			<availability year_range_from="2002" year_range_to="2007" />
		</ad>

		<ad guid="237fceaf-2f54-424e-9b02-cabcac79a22b" comment="2008 - forever | arguably https://en.wikipedia.org/wiki/Nintendo | from Mad TV as 'Nipponix'">
			<title>
				<all>${brand_nintendo}</all>
			</title>
			<description>
				<de>Die NEUE Retrokonsole mit fünf eingebauten Spielen!</de>
				<en>The NEW retro console with five built-in games!</en>
				<pl>NOWA konsola retro z pięcioma wbudowanymi grami!</pl>
			</description>
			<conditions min_audience="2.34" min_image="0" target_group="0" pro_pressure_groups="0" contra_pressure_groups="0" />
			<data quality="17" repetitions="5" duration="4" profit="650" penalty="1498" infomercial_profit="178" fix_infomercial_profit="1" />
			<availability year_range_from="2008" year_range_to="-1" />
		</ad>

		<ad guid="83c68a7e-73ce-4657-ab21-62823a6afa71" comment="from Mad TV">
			<title>
				<de>UranLight</de>
				<en>UraniumLight</en>
				<pl>UraniumFit</pl>
			</title>
			<description>
				<de>50 Kilo weniger in 2 Tagen mit der neuen Fusions-Diät.</de>
				<en>Loose 50 pounds in 2 days with the new fusion diet.</en>
				<pl>Schudnij 50 kg w 2 dni dzięki nowej diecie fusion.</pl>
			</description>
			<conditions min_audience="7.29" min_image="0" target_group="0" pro_pressure_groups="0" contra_pressure_groups="0" prohibited_programme_flag="8" />
			<data quality="24" repetitions="5" duration="5" profit="420" penalty="1600" infomercial_profit="70" fix_infomercial_profit="1" />
		</ad>

		<ad guid="9e09ce1b-294d-4ddc-9910-d33ddbdb1e19" comment="from Mad TV">
			<title>
				<all>Juicycat</all>
				<pl>Koci-Sok</pl>
			</title>
			<description>
				<de>Echter, klarer Katzensaft! Mjamjam!</de>
				<en>Genuine clear cat juice! Yum-yum!</en>
				<pl>Prawdziwy klarowny sok dla kotów! Mniam mniam!</pl>
			</description>
			<conditions min_audience="6.25" min_image="0" target_group="0" pro_pressure_groups="0" contra_pressure_groups="0" prohibited_programme_flag="8" />
			<data quality="3" repetitions="7" duration="7" profit="400" penalty="750" infomercial_profit="167" fix_infomercial_profit="1" />
		</ad>

		<ad guid="e704103c-6e30-4b22-9e0e-4b34cbf21e78" comment="from Mad TV">
			<title>
				<de>Nobill</de>
				<en>Cheapo-Cheapo</en>
				<pl>BezOpłat</pl>
			</title>
			<description>
				<de>Billig - billiger - Nobill.</de>
				<en>Cheap - cheaper - Cheapo-cheapo.</en>
				<pl>Tani - tańszy - BezOpłat.</pl>
			</description>
			<conditions min_audience="7.29" min_image="0" target_group="0" pro_pressure_groups="0" contra_pressure_groups="0" prohibited_programme_flag="8" />
			<data quality="31" repetitions="2" duration="8" profit="410" penalty="1100" infomercial_profit="3" fix_infomercial_profit="1" />
		</ad>

		<ad guid="c7edae3e-1fab-4fca-9704-1faaed11166a" comment="from Mad TV 'Hoffmann'">
			<title>
				<all>${.person:"c013079e-fefc-495a-941d-0ac148f30ba3":"lastname"}</all>
			</title>
			<description>
				<de>Computerspiele schnell und bugfrei!</de>
				<en>Computer games fast and bug free!</en>
				<pl>Gry komputerowe szybkie i wolne od błędów!</pl>
			</description>
			<conditions min_audience="0.3133" min_image="1" target_group="18" pro_pressure_groups="0" contra_pressure_groups="0" />
			<!-- TODO: Not sure if target_group is appropriate, I've always read this ad as a small garage studio targeting publishers (indeed Stefan Hoffmann was the Mad TV PC Version developer) -->
			<data quality="31" repetitions="4" duration="8" profit="1965" penalty="2836" infomercial_profit="208" fix_infomercial_profit="1" />
		</ad>

		<ad guid="1602b40b-7d47-4ccd-ab02-0e873d192029" comment="https://www.vgmpf.com/Wiki/index.php?title=PC-Soundman | from Mad TV as 'PC-Soundman'">
			<title>
				<de>PC-Tonmann</de>
				<en>PC Sound Guy</en>
				<pl>Dzwiękowiec na PC</pl>
			</title>
			<description>
				<de>Soundprobleme? Der PC-Tonmann rauscht auch bei Ihnen mal vorbei. Schnell und ohne viel Tamtam.</de> <!-- orig: Soundkarte, Lautsprecher, Kopfhörer, Software von RAINBOW ARTS für nur DM 249,- -->
				<en>Sound problems? The PC Sound Guy will buzz by for you too. Quickly and without much fanfare.</en>
				<pl>Problemy z dźwiękiem? Dźwiękowiec na PC dryndnie do ciebie. Szybko i bez zbędnych fanfar.</pl>
			</description>
			<conditions min_audience="0.4679" min_image="1" target_group="18" pro_pressure_groups="0" contra_pressure_groups="0" />
			<data quality="12" repetitions="1" duration="7" profit="1700" penalty="2000" infomercial_profit="142" fix_infomercial_profit="1" />
		</ad>

		<ad guid="60025ff2-4a8a-4530-afec-b2ec2f29fc99" comment="https://de.wikipedia.org/wiki/Rushware | from Mad TV as 'Rushware'">
			<title>
				<all>Brushwear</all>
				<pl>Odzież Brushwear</pl>
			</title>
			<description>
				<de>Auf der Leine mit dem Trend.</de> <!-- orig: Online with the trend -->
				<en>On linen with the trend.</en>
				<pl>Ciuchy zgodne z trendem.</pl>
			</description>
			<conditions min_audience="0.62" min_image="1" target_group="6" pro_pressure_groups="0" contra_pressure_groups="0" />
			<data quality="19" repetitions="7" duration="1" profit="1900" penalty="2500" infomercial_profit="180" fix_infomercial_profit="1" />
		</ad>

		<ad guid="05c35bc8-df60-4478-af4e-66691a0f2402" comment="1980 - 1985 | https://en.wikipedia.org/wiki/Escom_AG | from Mad TV as 'ESCAL ATs'">
			<title>
				<all>${brand_escom} PCs</all>
				<pl>Komputery ${brand_escom} PC</pl>
			</title>
			<description>
				<de>Die Marke Ihres Vertrauens. Ab 4000 kHz.</de>
				<en>The brand you trust. 4000 kHz and beyond.</en>
				<pl>Marka, której ufasz. 4000 kHz i więcej.</pl>
			</description>
			<conditions min_audience="4.1671" min_image="0" target_group="0" pro_pressure_groups="0" contra_pressure_groups="0" />
			<data quality="12" repetitions="7" duration="3" profit="570" penalty="746" infomercial_profit="40" fix_infomercial_profit="1" />
			<availability year_range_from="1980" year_range_to="1985" />
		</ad>

		<ad guid="54841279-32c4-46ba-bf27-79069a81e646" comment="1986 - 1989 | https://en.wikipedia.org/wiki/Escom_AG | from Mad TV as 'ESCAL ATs'">
			<title>
				<all>${brand_escom} XTs</all>
				<pl>Komputery ${brand_escom} XT</pl>
			</title>
			<description>
				<de>Die Marke Ihres Vertrauens. Ab 8000 kHz.</de>
				<en>The brand you trust. 8000 kHz and beyond.</en>
				<pl>Marka, której ufasz. 8000 kHz i więcej.</pl>
			</description>
			<conditions min_audience="4.1671" min_image="0" target_group="0" pro_pressure_groups="0" contra_pressure_groups="0" />
			<data quality="12" repetitions="7" duration="3" profit="570" penalty="746" infomercial_profit="40" fix_infomercial_profit="1" />
			<availability year_range_from="1986" year_range_to="1989" />
		</ad>

		<ad guid="8efa85c7-e567-413f-8475-b594bb1ebc6c" comment="1990 - 1993 | https://en.wikipedia.org/wiki/Escom_AG | from Mad TV as 'ESCAL ATs'">
			<title>
				<all>${brand_escom} ATs</all>
				<pl>Komputery ${brand_escom} AT</pl>
			</title>
			<description>
				<de>Die Marke Ihres Vertrauens. Ab 12.000 kHz.</de>
				<en>The brand you trust. 12,000 kHz and beyond.</en>
				<pl>Marka, której ufasz. 12 000 kHz i więcej.</pl>
			</description>
			<conditions min_audience="4.1671" min_image="0" target_group="0" pro_pressure_groups="0" contra_pressure_groups="0" />
			<data quality="12" repetitions="7" duration="3" profit="570" penalty="746" infomercial_profit="40" fix_infomercial_profit="1" />
			<availability year_range_from="1990" year_range_to="1993" />
		</ad>

		<ad guid="563600d9-8e5b-43bb-8acc-5358609273d4" comment="1994 - 2002 | https://en.wikipedia.org/wiki/Escom_AG | also https://en.wikipedia.org/wiki/Pentium | from Mad TV as 'ESCAL ATs'">
			<title>
				<all>${brand_escom} ${brand_pentium}</all>
				<pl>Komputery ${brand_escom} ${brand_pentium}</pl>
			</title>
			<description>
				<de>Die Marke Ihres Vertrauens. Ab 66.000 kHz.</de>
				<en>The brand you trust. 66,000 kHz and beyond.</en>
				<pl>Marka, której ufasz. 66 000 kHz i więcej.</pl>
			</description>
			<conditions min_audience="4.1671" min_image="0" target_group="0" pro_pressure_groups="0" contra_pressure_groups="0" />
			<data quality="12" repetitions="7" duration="3" profit="570" penalty="746" infomercial_profit="40" fix_infomercial_profit="1" />
			<availability year_range_from="1994" year_range_to="2002" />
		</ad>

		<ad guid="171d5785-f6cd-4f16-b025-655539567bc0" comment="2003 - forever | https://en.wikipedia.org/wiki/Escom_AG | also spoofing https://en.wikipedia.org/wiki/Amiga_Forever | from Mad TV as 'ESCAL ATs'">
			<title>
				<all>${brand_escom} Forever</all>
				<pl>Komputery ${brand_escom} Forever</pl>
			</title>
			<description>
				<de>Die Marke Ihres Vertrauens. Jetzt als einmaliges Komponenten-Bastel-Set.</de>
				<en>The brand you trust. Now as a unique DIY component set.</en>
				<pl>Marka, której ufasz. Teraz jako unikalny zestaw komponentów Zrób To Sam.</pl>
			</description>
			<conditions min_audience="4.1671" min_image="0" target_group="0" pro_pressure_groups="0" contra_pressure_groups="0" />
			<data quality="12" repetitions="7" duration="3" profit="570" penalty="746" infomercial_profit="40" fix_infomercial_profit="1" />
			<availability year_range_from="2003" />
		</ad>

		<ad guid="21b1952e-22d9-4055-a913-092b6b458cfd" comment="1980 - 2002 | Highscreen - https://de.wikipedia.org/wiki/Vobis">
			<title>
				<all>${brand_highscreen}</all>
			</title>
			<description>
				<de>Gestochen scharfes Bild der Zukunft.</de>
				<en>Razor-sharp image of the future.</en>
				<pl>Ostry jak brzytwa obraz przyszłości.</pl>
			</description>
			<conditions min_audience="0.3898" min_image="0" target_group="0" pro_pressure_groups="0" contra_pressure_groups="0" />
			<data quality="35" repetitions="2" duration="6" profit="1800" penalty="1947" infomercial_profit="87" fix_infomercial_profit="1" />
			<availability year_range_from="1980" year_range_to="2002" />
		</ad>

		<ad guid="74fe2e5a-74b1-43fa-9892-d042203179b0" comment="2003 - forever | Highscreen - https://de.wikipedia.org/wiki/Vobis">
			<title>
				<all>${brand_highscreen}.deu</all>
			</title>
			<description>
				<de>Gestochen scharfes Bild der Zukunft. Jetzt in extra-flach.</de>
				<en>Razor-sharp image of the future. Now extra-slim.</en>
				<pl>Ostry jak brzytwa obraz przyszłości. Teraz wyjątkowo cienki.</pl>
			</description>
			<conditions min_audience="1.04" min_image="0" target_group="0" pro_pressure_groups="0" contra_pressure_groups="0" />
			<data quality="17" repetitions="6" duration="7" profit="1000" penalty="1400" infomercial_profit="170" fix_infomercial_profit="1" />
			<availability year_range_from="2003" />
		</ad>

		<ad guid="7546a9b0-1990-4434-9164-b4c77f6e0608" comment="descriptions from Mad TV but title is different to provide variations to the already existing TVTower Duban ads">
			<title>
				<all>Duban Resort</all>
			</title>
			<description>
				<de>Mach Urlaub in Duban - Baden, Sonnen, Erdöl graben.</de>
				<en>Take a vacation in Duban - swim, sunbathe, drill for oil.</en>
				<pl>Zrób sobie wakacje w Dubanie - pływaj, opalaj się, wierć w poszukiwaniu ropy.</pl>
			</description>
			<conditions min_audience="0.78" min_image="0" target_group="0" pro_pressure_groups="0" contra_pressure_groups="0" />
			<data quality="24" repetitions="4" duration="4" profit="1300" penalty="2000" infomercial_profit="237" fix_infomercial_profit="1" />
		</ad>

		<ad guid="c8941c16-671e-46e6-8107-93393c55d00d" comment="from ChatGPT as variation for 'Doggy'">
			<title>
				<de>WuffGenuss</de>
				<en>PamperPooch</en>
				<pl>HauHauJedz</pl>
			</title>
			<description>
				<de>Verwöhnen Sie Ihren Vierbeiner mit pfotig-pfundigem Genuss. Jeder Bissen ein wedelndes Erlebnis. WuffGenuss - Die Kraft im Napf!</de>
				<en>Indulge your furry friend with paw-some taste. Where every bite is a tail-wagging delight. PamperPooch - Where Taste Meets Tail!</en>
				<pl>Rozkoszuj się smakiem swojego futrzanego przyjaciela. Gdzie każdy kęs jest rozkoszą dla merdającego ogona. HauHauJedz - Gdzie smak spotyka się z ogonem!</pl>
			</description>
			<conditions min_audience="1.04" min_image="0" target_group="0" pro_pressure_groups="0" contra_pressure_groups="0" />
			<data quality="5" repetitions="1" duration="2" profit="1000" penalty="2609" infomercial_profit="145" fix_infomercial_profit="1" />
		</ad>

		<ad guid="8d0a005d-bb0e-4c0c-8393-ad27b67c14b9" comment="from Mad TV">
			<title>
				<all>Swinger</all>
			</title>
			<description>
				<de>Feinstrumpfhosen für die Frau von heute.</de>
				<en>Fine tights for the woman of today.</en>
				<pl>Delikatne rajstopy dla współczesnej kobiety.</pl>
			</description>
			<conditions min_audience="0.31" min_image="0" target_group="0" pro_pressure_groups="0" contra_pressure_groups="0" />
			<data quality="27" repetitions="7" duration="6" profit="2000" penalty="3000" infomercial_profit="10" fix_infomercial_profit="1" />
		</ad>

		<ad guid="f6eaf73a-b75b-4ef6-8134-1c9bfe62a5d2" comment="from Mad TV">
			<title>
				<all>Doggy</all>
			</title>
			<description>
				<de>Verwöhnen Sie ihr Hundchen mit Doggy!</de>
				<en>Spoil your doggy-woggy with Doggy!</en>
				<pl>Rozpieść swojego psiaka z Doggy!</pl>
			</description>
			<conditions min_audience="0.39" min_image="0" target_group="0" pro_pressure_groups="0" contra_pressure_groups="0" />
			<data quality="26" repetitions="3" duration="4" profit="1900" penalty="2325" infomercial_profit="50" fix_infomercial_profit="1" />
		</ad>

		<ad guid="484b2441-8a91-4e88-81bc-bb3ad4e0aebe" comment="seems inspired from Mad TV, but isn't verbatim">
			<title>
				<all>Kitty Food</all>
				<pl>Karma Kitty</pl>
			</title>
			<description>
				<de>Nahrhaftes Dosenfutter für ihren Stubentiger.</de>
				<en>Nutritious canned food for your house cat.</en>
				<pl>Pożywna karma w puszkach dla kota domowego.</pl>
			</description>
			<conditions min_audience="0.78" min_image="2" target_group="8" pro_pressure_groups="0" contra_pressure_groups="0" />
			<data quality="12" repetitions="4" duration="5" profit="1100" penalty="1400" fix_infomercial_profit="1" />
		</ad>

		<ad guid="2cc13a21-fd5c-42d7-b7b8-354da3740dde" comment="from Mad TV">
			<title>
				<de>Delikat</de>
				<en>DeliCat</en>
				<pl>Delikot</pl>
			</title>
			<description>
				<de>Das neue Katzenfutter: Von Katzen für Katzen.</de>
				<en>The latest in cat food: by cats for cats.</en>
				<pl>Najnowsza karma dla kotów: przez koty dla kotów.</pl>
			</description>
			<conditions min_audience="1.04" min_image="5" target_group="8" pro_pressure_groups="0" contra_pressure_groups="0" />
			<data quality="8" repetitions="6" duration="2" profit="1050" penalty="1203" fix_infomercial_profit="1" />
		</ad>

		<ad guid="32143571-47f1-4721-80cf-7437330d067f" comment="1980 - 1988 | https://en.wikipedia.org/wiki/Commodore_International | from Mad TV as 'Commodore'">
			<title>
				<all>${brand_commodore}</all>
			</title>
			<description>
				<de>Jetzt mit ${brand_datasette1530}.
Das neuartige Multimedia-Erlebnis direkt vom Tape-Loader!</de>
				<en>Now with ${brand_datasette1530}.
The brand new multimedia experience straight from the tape loader!</en>
				<pl>Teraz z ${brand_datasette1530}.
Zupełnie nowe wrażenia multimedialne prosto z magnetofonu!</pl>
			</description>
			<conditions min_audience="17.19" min_image="0" target_group="0" pro_pressure_groups="0" contra_pressure_groups="0" allowed_genre="15" /> <!-- TODO: several genres like '15,5' possible? -->
			<data quality="28" repetitions="3" duration="6" profit="230" penalty="340" fix_infomercial_profit="1" />
			<availability year_range_from="1980" year_range_to="1988" />
		</ad>

		<ad guid="63b71a79-7c9b-48b5-a3d7-4650433bc078" comment="1989 - 1991 | https://en.wikipedia.org/wiki/Commodore_International | https://en.wikipedia.org/wiki/Amiga | from Mad TV as 'Commodore'">
			<title>
				<all>${brand_commodore}</all>
			</title>
			<description>
				<de>Staunen Sie über das neuartige Multimedia-Erlebnis jetzt in 4096 Farben!</de>
				<en>Marvel at the brand new multimedia experience now in 4096 colors!</en>
				<pl>Podziwiaj zupełnie nowe wrażenia multimedialne teraz w 4096 kolorach!</pl>
			</description>
			<conditions min_audience="17.19" min_image="0" target_group="0" pro_pressure_groups="0" contra_pressure_groups="0" allowed_genre="15" /> <!-- TODO: several genres like '15,5' possible? -->
			<data quality="28" repetitions="3" duration="6" profit="230" penalty="340" fix_infomercial_profit="1" />
			<availability year_range_from="1989" year_range_to="1991" />
		</ad>

		<ad guid="958ad4f5-76bf-467a-877a-b904fba5d45d" comment="1992 - 1996 | https://en.wikipedia.org/wiki/Commodore_International | https://en.wikipedia.org/wiki/Commodore_CDTV | from Mad TV as 'Commodore'">
			<title>
				<all>${brand_commodore}</all>
			</title>
			<description>
				<de>${brand_cdtv} - Die neue Multimedia-Dimension!</de>
				<en>${brand_cdtv} - The new multimedia dimension</en>
				<pl>${brand_cdtv} - Nowy wymiar multimediów</pl>
			</description>
			<conditions min_audience="17.19" min_image="0" target_group="0" pro_pressure_groups="0" contra_pressure_groups="0" allowed_genre="15" /> <!-- TODO: several genres like '15,5' possible? -->
			<data quality="28" repetitions="3" duration="6" profit="230" penalty="340" fix_infomercial_profit="1" />
			<availability year_range_from="1992" year_range_to="1996" />
		</ad>

		<ad guid="ba7c0e52-f960-4aa7-b85a-b5c673c53f4e" comment="1997 - forever | https://en.wikipedia.org/wiki/Commodore_International | also https://en.wikipedia.org/wiki/Amiga_Forever | from Mad TV as 'Commodore'">
			<title>
				<all>${brand_commodore} Forever</all>
			</title>
			<description>
				<de>Das neuartige Multimedia-Erlebnis jetzt mit wirklich allen Sinnen erfahrbar - als Komponenten-Bastel-Set.</de>
				<en>You can now discover the brand new multimedia experience as a matter of fact with all your senses - as a DIY component kit.</en>
				<pl>Teraz możesz odkrywać zupełnie nowe doznania multimedialne wszystkimi zmysłami - jako zestaw komponentów Zrób To Sam.</pl>
			</description>
			<conditions min_audience="17.19" min_image="0" target_group="0" pro_pressure_groups="0" contra_pressure_groups="0" allowed_genre="15" /> <!-- TODO: several genres like '15,5' possible? -->
			<data quality="28" repetitions="3" duration="6" profit="230" penalty="340" fix_infomercial_profit="1" />
			<availability year_range_from="1997" year_range_to="-1" />
		</ad>

		<ad guid="dd8f1816-8f10-4b3b-9a67-d46f7bba1394" comment="https://en.wikipedia.org/wiki/BP | from Mad TV as 'BP'">
			<title>
				<all>${brand_bp}</all>
			</title>
			<description>
				<de>Wir ermöglichen Mobilität.</de> <!-- orig: Wir sorgen für Bewegung -->
				<en>We provide for mobility.</en> <!-- orig: We get you there -->
				<pl>Zapewniamy mobilność.</pl>
			</description>
			<conditions min_audience="10.42" min_image="0" target_group="0" pro_pressure_groups="0" contra_pressure_groups="0" allowed_genre="15" /> <!-- TODO: several genres like '15,5' possible? Currently not - field is a single value -->
			<data quality="17" repetitions="8" duration="4" profit="325" penalty="1053" fix_infomercial_profit="1" />
		</ad>

		<ad guid="8514f4a6-7407-4d23-b729-1d027df18397" comment="https://en.wikipedia.org/wiki/Shell_plc">
			<title>
				<all>${brand_shell}</all>
			</title>
			<description>
				<de>Die geölten Fachmänner. Wir sind Ihnen behilflich!</de> <!-- orig: Shell: die Motorenöl-Experten. / Wir helfen Ihnen weiter. -->
				<en>The oiled experts. You can't be sore of ${brand_shell}. </en> <!-- orig: You can be sure of Shell. -->
				<pl>Nafaszerowani olejem eksperci. Nie można się ich bać - ${brand_shell}.</pl>
			</description>
			<conditions min_audience="11.46" min_image="0" target_group="0" pro_pressure_groups="0" contra_pressure_groups="0" allowed_genre="15" /> <!-- TODO: several genres like '15,5' possible? -->
			<data quality="10" repetitions="6" duration="8" profit="305" penalty="600" fix_infomercial_profit="1" />
		</ad>

		<ad guid="bafb4492-6f43-4674-9b02-bd6c4496eecd" comment="https://en.wikipedia.org/wiki/Colgate-Palmolive | from Mad TV as 'Colgate'">
			<title>
				<all>${brand_colgate}</all>
			</title>
			<description>
				<de>Die Zahncreme! Jetzt mit radioaktiven Putzstoffen.</de>
				<en>The toothpaste! Now with radioactive cleaning substances.</en>
				<pl>Pasta do zębów! Teraz z radioaktywnymi substancjami czyszczącymi.</pl>
			</description>
			<conditions min_audience="26.05" min_image="0" target_group="0" pro_pressure_groups="0" contra_pressure_groups="0" />
			<data quality="21" repetitions="4" duration="2" profit="190" penalty="450" fix_infomercial_profit="1" />
		</ad>

		<ad guid="ca93584b-c7ca-4358-8a13-92620c18c9fc" comment="https://en.wikipedia.org/wiki/Trans_World_Airlines (assumed) resp. https://en.wikipedia.org/wiki/American_Airlines | from Mad TV as 'TWAN' and as the German version/'translation' of Lufthansa | could perhaps nowadays also be understood as a spoof of https://en.wikipedia.org/wiki/T%27way_Air">
			<title>
				<all>${brand_twa}</all>
			</title>
			<description>
				<de>Der bequeme Weg nach Europa.</de>
				<en>The convenient route to Europe.</en>
				<pl>Wygodna trasa do Europy.</pl>
			</description>
			<conditions min_audience="31.26" min_image="0" target_group="0" pro_pressure_groups="0" contra_pressure_groups="0" />
			<data quality="35" repetitions="5" duration="8" profit="170" penalty="300" fix_infomercial_profit="1" />
		</ad>

		<ad guid="2f6bffc9-e5eb-4670-86e9-7afa31e7f96b" comment="https://en.wikipedia.org/wiki/Lufthansa | from Mad TV as 'Lufthansa' and as the English version/'translation' of TWAN">
			<title>
				<all>${brand_lufthansa}</all>
			</title>
			<description>
				<de>Willkommen an Bord.</de>
				<en>Welcome aboard.</en>
				<pl>Witamy na pokładzie.</pl>
			</description>
			<conditions min_audience="41.6799" min_image="0" target_group="0" pro_pressure_groups="0" contra_pressure_groups="0" />
			<data quality="12" repetitions="8" duration="2" profit="125" penalty="200" fix_infomercial_profit="1" />
		</ad>

		<ad guid="31da2056-1a11-494b-96f0-56f4de5303b5" comment="https://en.wikipedia.org/wiki/Diet_Coke | from Mad TV as 'Coke Light' | Differing Diet or Light branding used in various countries">
			<title>
				<all>${brand_dietcoke}</all>
				<de>${brand_cokelight}</de>
			</title>
			<description>
				<de>Nur eine halbe Kalorie. So einsam und gespalten bloß wegen Ihnen! Also kaufen Sie gefälligst, Sie Fettsack!</de> <!-- orig: So kühl. So klar. Nur 1 Kalorie. -->
				<en>Only half a calorie. So lonely and fragmented just because of you! So go and buy it, you fat bastard!</en> <!-- orig: So cool. So clear. And only 1 calorie. -->
				<pl>Tylko pół kalorii. Tak samotny i rozdrobniony tylko z twojego powodu! Więc idź i kup to, gruby draniu!</pl>
			</description>
			<conditions min_audience="15.63" min_image="0" target_group="0" pro_pressure_groups="0" contra_pressure_groups="0" prohibited_genre="16" />
			<data quality="15" repetitions="6" duration="4" profit="255" penalty="380" fix_infomercial_profit="1" />
		</ad>

		<ad guid="d282e6e6-56bd-4a84-9ca4-e116487a92eb" comment="https://en.wikipedia.org/wiki/Coca-Cola | from Mad TV as 'Coca Cola'">
			<title>
				<all>${brand_cocacola}</all>
			</title>
			<description>
				<all>${brandslogan_cantbeatthefeeling}.</all>
			</description>
			<conditions min_audience="18.76" min_image="0" target_group="0" pro_pressure_groups="0" contra_pressure_groups="0" prohibited_genre="16" />
			<data quality="29" repetitions="2" duration="1" profit="215" penalty="370" fix_infomercial_profit="1" />
		</ad>

		<ad guid="cf761426-1bda-44da-bcfc-ff5a8311d471" comment="https://en.wikipedia.org/wiki/Coca-Cola_Zero_Sugar">
			<title>
				<all>${brand_cokezero}</all>
			</title>
			<description>
				<de>Jetzt ganz ohne Kalorien! Und auch den Geschmack müssen Sie suchen!</de>
				<en>Now completely without calories! And you'll have to look for the taste too!</en>
				<pl>Teraz całkowicie bez kalorii! Ty też będziesz musiał poszukać smaku!</pl>
			</description>
			<conditions min_audience="12.5" min_image="0" target_group="0" pro_pressure_groups="0" contra_pressure_groups="0" prohibited_genre="16" />
			<data quality="17" repetitions="4" duration="4" profit="290" penalty="500" fix_infomercial_profit="1" />
		</ad>

		<ad guid="cb34354a-5ba8-487d-8c28-bda35544e9b4" comment="from Mad TV">
			<title>
				<de>China-Wok</de>
				<en>China Wok</en>
				<pl>Chińskie Woki</pl>
			</title>
			<description>
				<de>Der einzige echte Wok. Original aus China.</de>
				<en>The only genuine wok. Authentic from China.</en>
				<pl>Jedyny oryginalny wok. Autentyczny produkt z Chin.</pl>
			</description>
			<conditions min_audience="5.21" min_image="0" target_group="0" pro_pressure_groups="0" contra_pressure_groups="0" prohibited_genre="100" prohibited_programme_flag="4" />
			<!-- TODO: Not so clear why shows and series shouldn't be allowed for this one -->
			<data infomercial="1" quality="6" repetitions="3" duration="8" profit="460" penalty="600" infomercial_profit="127" fix_infomercial_profit="1" />
		</ad>

		<ad guid="213e13bd-0723-4b34-b6b7-78ca29dfd0ab" comment="from Mad TV">
			<title>
				<all>SUN</all>
			</title>
			<description>
				<de>Vertrauen Sie nicht jeder Sekte! SUN mit Geld-Weg-Garantie.</de>
				<en>Don't trust just any sect! SUN with money-gone guarantee.</en>
				<pl>Nie ufaj byle jakiej sekcie! SUN z gwarancją zwrotu pieniędzy.</pl>
			</description>
			<conditions min_audience="4.6881" min_image="0" target_group="0" pro_pressure_groups="0" contra_pressure_groups="0" prohibited_genre="100" prohibited_programme_flag="4" />
			<!-- TODO: Not so clear why shows and series shouldn't be allowed for this one -->
			<data infomercial="1" quality="1" repetitions="5" duration="5" profit="500" penalty="1300" infomercial_profit="198" fix_infomercial_profit="1" />
		</ad>

		<ad guid="00b7348c-0215-4de4-8328-9a6633251e68" comment="from Mad TV as English version/'translation' of 'Baraus'">
			<title>
				<all>Cashback</all>
			</title>
			<description>
				<de>From the Cash Van: Cash as Cash can. Ihr Cash jetzt in Ihre Dose!</de>
				<en>From the Cash Van: Cash as Cash can. Your cash into your can now!</en> <!-- orig: Cash as Cash can -->
				<pl>Z furgonetki Cash Van: Gotówka do puszki. Gotówka do puszki już teraz!</pl>
			</description>
			<conditions min_audience="8.3352" min_image="0" target_group="0" pro_pressure_groups="0" contra_pressure_groups="0" prohibited_genre="100" prohibited_programme_flag="4" />
			<!-- TODO: Not so clear why shows and series shouldn't be allowed for this one -->
			<data infomercial="1" quality="33" repetitions="7" duration="7" profit="366" penalty="524" infomercial_profit="74" fix_infomercial_profit="1" />
		</ad>

		<ad guid="0dda9953-176f-4279-aa0f-c804f911b53f" comment="from Mad TV as the English version/'translation' of 'Camel'">
			<title>
				<all>Maple-Translate</all>
			</title>
			<description>
				<de>Nous translate alles!</de>
				<en>Nous translate alles!</en>
				<pl>Nous tłumaczy alles!</pl>
			</description>
			<conditions min_audience="9.3772" min_image="0" target_group="0" pro_pressure_groups="0" contra_pressure_groups="0" />
			<data infomercial="1" quality="14" repetitions="1" duration="4" profit="345" penalty="1200" infomercial_profit="46" fix_infomercial_profit="1" />
		</ad>

		<ad guid="a829e080-3657-42f5-9dc1-44a3d89700d0" comment="https://en.wikipedia.org/wiki/Pepsi | from Mad TV as 'Pepsi'">
			<title>
				<all>${brand_pepsi} Cola</all>
			</title>
			<description>
				<de>Das schmeckt! Für die junge Brut.</de> <!-- Die schmeckt! -->
				<en>That tastes! For the young brood.</en> <!-- orig: For the new generation. -->
				<pl>To smakuje! Dla młodego potomstwa.</pl>
			</description>
			<conditions min_audience="6.77" min_image="0" target_group="0" pro_pressure_groups="0" contra_pressure_groups="0" />
			<data infomercial="1" quality="24" repetitions="4" duration="7" profit="400" penalty="1300" infomercial_profit="188" fix_infomercial_profit="1" />
		</ad>

		<ad guid="004b7c26-60cf-4f19-92ca-5d297ed5b1e0" comment="https://en.wikipedia.org/wiki/Camel_(cigarette) | from Mad TV as 'Camel' and as the German version/'translation' of 'Maple-Translate'">
			<title>
				<all>${brand_camel}</all>
			</title>
			<description>
				<de>Der Rauch durchs Nadelöhr! Geschmack total!</de> <!-- Orig: Voller Geschmack! -->
				<en>The smoke through the eye of the needle! Total Taste!</en>
				<pl>Dym przechodzący przez ucho igielne! Całkowity smak!</pl>
			</description>
			<conditions min_audience="10.42" min_image="0" target_group="0" pro_pressure_groups="1" contra_pressure_groups="2" />
			<data infomercial="1" quality="20" repetitions="8" duration="1" profit="355" penalty="1000" infomercial_profit="72" fix_infomercial_profit="1" />
		</ad>

		<ad guid="bb2a341c-1b25-4934-9493-2b4890eee942" comment="from Mad TV">
			<title>
				<all>CredCard</all>
			</title>
			<description>
				<de>Die Karte mit dem unbegrenzten Kredit.</de>
				<en>The card with unlimited credit.</en>
				<pl>Karta z nieograniczonym kredytem.</pl>
			</description>
			<conditions min_audience="1.3" min_image="12" target_group="2" pro_pressure_groups="0" contra_pressure_groups="0" />
			<data infomercial="1" quality="14" repetitions="8" duration="1" profit="365" penalty="2573" infomercial_profit="177" fix_infomercial_profit="1" />
		</ad>

		<ad guid="a7ce6b0f-b72a-4fec-9395-77d08220ac1f" comment="from Mad TV">
			<title>
				<all>Softshop</all>
			</title>
			<description>
				<de>Der Softwareladen um die Ecke.</de>
				<en>The software shop around the corner.</en>
				<pl>Sklep z oprogramowaniem tuż za rogiem.</pl>
			</description>
			<conditions min_audience="0.78" min_image="12" target_group="2" pro_pressure_groups="0" contra_pressure_groups="0" />
			<data infomercial="1" quality="23" repetitions="5" duration="6" profit="1250" penalty="2300" infomercial_profit="222" fix_infomercial_profit="1" />
		</ad>

		<ad guid="4810a736-c8c3-4968-bb56-ebf144e153f7" comment="from Mad TV as the English version/'translation' of 'Marlboro Light'">
			<title>
				<de>KD Wirtschaftsprüfer</de>
				<en>KD Accounting</en>
				<pl>Księgowość KD</pl>
			</title>
			<description>
				<de>Wir stellen Schecks aus, bevor Sie es merken!</de>
				<en>We issue checks before you know it!</en>
				<pl>Wystawiamy czeki, zanim się zorientujesz!</pl>
			</description>
			<conditions min_audience="2.86" min_image="0" target_group="0" pro_pressure_groups="0" contra_pressure_groups="0" prohibited_genre="15" prohibited_programme_flag="1" />
			<data infomercial="1" quality="14" repetitions="1" duration="7" profit="500" penalty="2246" infomercial_profit="12" fix_infomercial_profit="1" />
		</ad>

		<ad guid="4d699d7d-d90e-4948-8d48-0711a10548d6" comment="from Mad TV as the English version/'translation' of 'Marlboro'">
			<title>
				<de>MU Verwaltungsgesellschaft</de>
				<en>MU Management</en>
				<pl>Zarządzanie MU</pl>
			</title>
			<description>
				<de>Rufen Sie uns nicht an - wir sind im Urlaub!</de>
				<en>Don't call us - we're on vacation!</en>
				<pl>Nie dzwoń do nas - jesteśmy na wakacjach!</pl>
			</description>
			<conditions min_audience="1.3" min_image="0" target_group="0" pro_pressure_groups="0" contra_pressure_groups="0" prohibited_genre="15" prohibited_programme_flag="1" />
			<data infomercial="1" quality="17" repetitions="6" duration="5" profit="1050" penalty="2930" infomercial_profit="235" fix_infomercial_profit="1" />
		</ad>

		<ad guid="e33f91eb-89f4-4b3e-8099-ab0de27d0ef7" comment="from Mad TV as German version/'translation' of 'Cashback'">
			<title>
				<de>Baraus</de>
				<en>Corner Bank</en>
				<pl>Corner Bank</pl>
			</title>
			<description>
				<de>Bankhaus Baraus zahlt Bar aus.</de>
				<en>Your bank around the corner - and your cash performer.</en>
				<pl>Twój bank za rogiem - i twój dawca gotówkowy.</pl>
			</description>
			<conditions min_audience="1.82" min_image="0" target_group="0" pro_pressure_groups="0" contra_pressure_groups="0" prohibited_genre="15" prohibited_programme_flag="1" />
			<data infomercial="1" quality="13" repetitions="5" duration="6" profit="750" penalty="1100" infomercial_profit="176" fix_infomercial_profit="1" />
		</ad>

		<ad guid="8b945529-7cc6-46a8-b572-47189c26b43a" comment="description from Mad TV 'Aunt Lizzy'; title already existing in TVTower, hence the variation">
			<title>
				<all>Aunt Lucy's</all>
				<pl>Od Cioci Lucy</pl>
			</title>
			<description>
				<de>Das einzig natürliche Apfelsirup.</de>
				<en>The only all-natural apple syrup.</en>
				<pl>Jedyny w pełni naturalny syrop jabłkowy.</pl>
			</description>
			<conditions min_audience="0.1553" min_image="7" target_group="8" pro_pressure_groups="0" contra_pressure_groups="0" />
			<data infomercial="1" quality="6" repetitions="5" duration="4" profit="2250" penalty="3100" infomercial_profit="31" fix_infomercial_profit="1" />
		</ad>

		<ad guid="8be83e54-ef37-44e4-9bc1-1df0eded9843" comment="another 'Aunt Lizzy' variation for fun and profit">
			<title>
				<all>Aunt Lilly's</all>
				<pl>Od Cioci Lilly</pl>
			</title>
			<description>
				<de>Das Ahornwunder von Aunt Lilly's: Süße neu definiert.</de>
				<en>Maple Marvels by Aunt Lilly's: Sweetness Redefined.</en>
				<pl>Syrop klonowy cioci Lilly: Słodycz na nowo zdefiniowana.</pl>
			</description>
			<conditions min_audience="0.1" min_image="7" target_group="8" pro_pressure_groups="0" contra_pressure_groups="0" />
			<data infomercial="1" quality="14" repetitions="7" duration="6" profit="3400" penalty="4400" infomercial_profit="121" fix_infomercial_profit="1" />
		</ad>

		<ad guid="1980daac-be0e-472b-8787-8eb19b7691a2" comment="https://en.wikipedia.org/wiki/Marlboro | from Mad TV 'Marlboro Light'">
			<title>
				<all>${brand_marlboro} Light</all>
			</title>
			<description>
				<de>Für echte Cowboys.</de>
				<en>For true cowboys.</en>
				<pl>Dla prawdziwych kowbojów.</pl>
			</description>
			<conditions min_audience="6.77" min_image="0" target_group="0" pro_pressure_groups="1" contra_pressure_groups="2" />
			<data infomercial="1" quality="25" repetitions="7" duration="3" profit="450" penalty="1300" infomercial_profit="135" fix_infomercial_profit="1" />
		</ad>

		<ad guid="79d8d9b9-934a-4a54-afd0-c3f0c22cae92" comment="https://en.wikipedia.org/wiki/Atari | from Mad TV as 'Atari'">
			<title>
				<all>${brand_atari}</all>
			</title>
			<description>
				<de>Wir machen Klitschentechnologie reich-werd.</de> <!-- orig: Wir machen Spitzentechnologie preiswert. | alt spoof: Wir machen Ritzentechnologie reinwärts -->
				<en>Your hour without the tie.</en> <!-- orig: Power without the price. | alt spoof: Plower without the rice; Shower without the Knife -->
				<pl>Godzina bez krawata.</pl>
			</description>
			<conditions min_audience="10.4192" min_image="0" target_group="0" pro_pressure_groups="0" contra_pressure_groups="0" />
			<data infomercial="1" quality="11" repetitions="5" duration="2" profit="345" penalty="1000" infomercial_profit="124" fix_infomercial_profit="1" />
		</ad>

		<ad guid="b23cec38-36fb-4ece-b182-9e1bd95490c5" comment="https://en.wikipedia.org/wiki/Marlboro | from Mad TV 'Marlboro'">
			<title>
				<all>${brand_marlboro}</all>
			</title>
			<description>
				<de>Für echte Cowboys. Aber echt jetzt.</de>
				<en>For true cowboys. But for real now.</en>
				<pl>Dla prawdziwych kowbojów. Ale teraz naprawdę.</pl>
			</description>
			<conditions min_audience="7.29" min_image="0" target_group="0" pro_pressure_groups="1" contra_pressure_groups="2" />
			<data infomercial="1" quality="35" repetitions="2" duration="6" profit="400" penalty="1235" infomercial_profit="282" fix_infomercial_profit="1" />
		</ad>

		<ad guid="5fc3f896-7c85-4ecc-aca6-8d689eaf2291" creator="9584" created_by="Stukov" comment="from Mad TV">
			<title>
				<all>Adventravel</all>
				<pl>Biuro podróży "Przygoda"</pl>
			</title>
			<description>
				<de>Schwimmen im Piranha-See und viele andere günstige Angebote!</de>
				<en>Swimming in the Piranha Lake and many other affordable deals!</en>
				<pl>Pływanie w jeziorze Pirania i wiele innych ofert w przystępnych cenach!</pl>
			</description>
			<conditions min_audience="8.3352" min_image="0" target_group="0" pro_pressure_groups="0" contra_pressure_groups="0" />
			<data infomercial="1" quality="14" repetitions="4" duration="5" profit="350" penalty="600" infomercial_profit="7" fix_infomercial_profit="1" />
		</ad>

		<ad guid="01a5c6ea-105c-4aab-a5ab-f03393ad2ca0" creator="9584" created_by="Stukov" comment="https://en.wikipedia.org/wiki/Rainbow_Arts | from Mad TV as 'Rainbow Arts' and as the English version/'translation' of 'PC-Soundman'">
			<title>
				<all>${brand_rainbowarts}</all>
			</title>
			<description>
				<de>${brand_rainbowarts}, der einzigartige Platz für Brettspiele und Computerspiele.</de>
				<en>${brand_rainbowarts}, the only place for board games and computer games.</en>
				<pl>${brand_rainbowarts}, jedyne miejsce dla gier planszowych i komputerowych.</pl>
			</description>
			<conditions min_audience="0.26" min_image="0" target_group="0" pro_pressure_groups="0" contra_pressure_groups="0" />
			<data infomercial="1" quality="11" repetitions="5" duration="6" profit="2100" penalty="2500" infomercial_profit="120" fix_infomercial_profit="1" />
		</ad>

		<ad guid="973bdff8-3080-4c19-b606-8711c350d5e1" creator="9584" created_by="Stukov" comment="https://en.wikipedia.org/wiki/Pepsi | from Mad TV as 'Pepsi Light' | Differing Diet or Light branding used in various countries">
			<title>
				<all>${brand_dietpepsi}</all>
				<de>${brand_pepsilight}</de>
			</title>
			<description>
				<de>Voller Geschmack für die junge Brut - und nur 1 Kalorie.</de>
				<en>All the taste for the young brood - and only 1 calorie.</en>
				<pl>Cały smak dla młodego lęgu - i tylko 1 kaloria.</pl>
			</description>
			<conditions min_audience="5.73" min_image="0" target_group="0" pro_pressure_groups="0" contra_pressure_groups="0" />
			<data infomercial="1" quality="15" repetitions="7" duration="2" profit="550" penalty="1500" infomercial_profit="147" fix_infomercial_profit="1" />
		</ad>

		<ad guid="c76f9b7d-c5b1-4782-ae8a-0f0437b3b006" creator="9584" created_by="Stukov" comment="https://en.wikipedia.org/wiki/Citro%C3%ABn">
			<title>
				<all>${brand_citroen}</all>
			</title>
			<description>
				<de>Unsere „Salzente“-Modellreihe mit Vorrichtung zur komfortablen Tequila-Zubereitung - jetzt Probe fahren!</de>
				<en>Our "Salt Duck" model series with the fixture for convenient tequila preparation - test drive now!</en>
				<pl>Nasza seria modeli "Salt Duck" z uchwytem do wygodnego przygotowywania tequili - jazda próbna już teraz!</pl>
			</description>
			<conditions min_audience="2.6" min_image="0" target_group="0" pro_pressure_groups="0" contra_pressure_groups="0" />
			<data infomercial="1" quality="2" repetitions="1" duration="3" profit="690" penalty="2613" infomercial_profit="171" fix_infomercial_profit="1" />
		</ad>

		<ad guid="e077fcb9-5216-42d0-82b1-ec9b1b518345" creator="9584" created_by="Stukov" comment="https://en.wikipedia.org/wiki/Renault | https://en.wikipedia.org/wiki/Peugeot | TODO: Use them interchangeable, but with same slogan">
			<title>
				<all>Peureault</all>
			</title>
			<description>
				<de>Wir machen U-Turns chic.</de>
				<en>We make U-turns look chic.</en>
				<pl>Sprawiamy, że zawracanie wygląda szykownie.</pl>
			</description>
			<conditions min_audience="3.65" min_image="0" target_group="0" pro_pressure_groups="0" contra_pressure_groups="0" />
			<data infomercial="1" quality="4" repetitions="2" duration="4" profit="540" penalty="1500" infomercial_profit="104" fix_infomercial_profit="1" />
		</ad>

		<ad guid="51f64ecc-81f6-4feb-a924-6e4f60f1b10c" comment="https://en.wikipedia.org/wiki/Persil">
			<title>
				<all>Serpil</all>
			</title>
			<description>
				<de>Wäscht jetzt noch weißer! Was die Frau hat, das hat sie.</de> <!-- orig: Da weiß man, was man hat -->
				<en>Launders even brighter now! What the wife got, she's got.</en> <!-- orig: Persil washes whiter -->
				<pl>Teraz pierze jeszcze jaśniej! Co żona ma, to ma.</pl>
			</description>
			<conditions min_audience="11.46" min_image="0" target_group="0" pro_pressure_groups="0" contra_pressure_groups="0" />
			<data infomercial="1" quality="9" repetitions="5" duration="4" profit="320" penalty="750" infomercial_profit="193" fix_infomercial_profit="1" />
		</ad>

		<ad guid="17b1fe94-9767-4f76-9ed1-300cd67918d0" comment="https://en.wikipedia.org/wiki/BMW">
			<title>
				<all>${brand_bmw}</all>
			</title>
			<description>
				<de>${brand_bmw}. Räudig am Rasen!</de> <!-- orig: Freude am Fahren -->
				<en>${brand_bmw}. It's merely a vehicle!</en> <!-- orig: It's only a car! -->
				<pl>${brand_bmw}. To tylko pojazd!</pl>
			</description>
			<conditions min_audience="12.5" min_image="7" target_group="32" pro_pressure_groups="0" contra_pressure_groups="0" />
			<data infomercial="1" quality="11" repetitions="3" duration="5" profit="280" penalty="600" infomercial_profit="3" fix_infomercial_profit="1" />
		</ad>

		<ad guid="da24ef42-563d-4a70-92e9-0bd72ac8555a" comment="created with help of ChatGPT">
			<title>
				<de>BioBlast AG</de>
				<en>BioBlast Inc.</en>
				<pl>BioBlast S.A.</pl>
			</title>
			<description>
				<de>Egal ob schillernde Haustiere oder im Dunkeln leuchtende Pflanzen, die Ihnen nachts den Weg weisen - unsere Biotechnologie macht das Außergewöhnliche zu Ihrem Alltag.</de>
				<en>Whether dazzling pets or glow-in-the-dark plants that show you the way at night - our biotechnology makes the extraordinary part of your everyday life.</en>
				<pl>Czy to olśniewające zwierzęta domowe, czy świecące w ciemności rośliny, które wskazują drogę w nocy - nasza biotechnologia sprawia, że niezwykłość staje się częścią codziennego życia.</pl>
			</description>
			<conditions min_audience="9.3772" min_image="7" target_group="32" pro_pressure_groups="0" contra_pressure_groups="0" />
			<data infomercial="1" quality="5" repetitions="3" duration="5" profit="330" penalty="700" infomercial_profit="200" fix_infomercial_profit="1" />
		</ad>

		<ad guid="608e2267-fd60-4122-9856-31164d876d4c" comment="created with help of ChatGPT">
			<title>
				<all>TrekTrove</all>
			</title>
			<description>
				<de>Erschwingliche Fährten, einzigartige G'schichten! Denn Verlaufen sollte die einzige Kostenfalle sein.</de>
				<en>Affordable Trails, Unrivaled Tales! Because getting lost should be the only cost trap.</en>
				<pl>Niedrogie szlaki, bezkonkurencyjne opowieści! Ponieważ zgubienie się powinno być jedyną pułapką kosztową.</pl>
			</description>
			<conditions min_audience="5.73" min_image="7" target_group="32" pro_pressure_groups="0" contra_pressure_groups="0" />
			<data infomercial="1" quality="35" repetitions="2" duration="6" profit="400" penalty="1000" infomercial_profit="279" fix_infomercial_profit="1" />
		</ad>

		<ad guid="1e231e27-176a-4277-861b-120d9dc6752d" comment="variation of Mad TV 'Andrae Design'">
			<title>
				<all>Azzini Design</all>
			</title>
			<description>
				<de>Logos? Büroklammer-Skulpturen? Azzini!</de>
				<en>Logos? Paperclip Sculptures? Azzini!</en>
				<pl>Logo? Rzeźby ze spinacza? Azzini!</pl>
			</description>
			<conditions min_audience="0.1" min_image="0" target_group="0" pro_pressure_groups="0" contra_pressure_groups="0" />
			<data infomercial="1" quality="18" repetitions="5" duration="6" profit="3600" penalty="4800" infomercial_profit="51" fix_infomercial_profit="1" />
		</ad>

		<ad guid="eb1d4213-6171-40d5-bf87-8cd7071ce467" comment="variation of Mad TV 'Andrae Design'">
			<title>
				<all>Aubert Design</all>
			</title>
			<description>
				<de>Lebensläufe? Duftkerzen? Aubert!</de>
				<en>Resumes? Scented candles? Aubert!</en>
				<pl>Życiorysy? Świece zapachowe? Aubert!</pl>
			</description>
			<conditions min_audience="0.1553" min_image="0" target_group="0" pro_pressure_groups="0" contra_pressure_groups="0" />
			<data infomercial="1" quality="26" repetitions="3" duration="4" profit="2200" penalty="3000" infomercial_profit="151" fix_infomercial_profit="1" />
		</ad>

		<ad guid="S8e075bfd-9aaa-47e1-ae24-bfc938fc490a" comment="from Mad TV 'Andrae Design'">
			<title>
				<all>${.person:"689823f6-f7e2-4128-817f-88ed42132501":"lastname"} Design</all>
			</title>
			<description>
				<de>Visitenkarten? ${mediatitle_ottifants}? ${.person:"689823f6-f7e2-4128-817f-88ed42132501":"lastname"}!</de>
				<en>Business cards? ${mediatitle_ottifants}? ${.person:"689823f6-f7e2-4128-817f-88ed42132501":"lastname"}!</en>
				<pl>Wizytówki? ${mediatitle_ottifants}? ${.person:"689823f6-f7e2-4128-817f-88ed42132501":"lastname"}!</pl>
			</description>
			<conditions min_audience="0.0511" min_image="0" target_group="0" pro_pressure_groups="0" contra_pressure_groups="0" />
			<data infomercial="1" quality="9" repetitions="6" duration="7" profit="2500" penalty="4000" infomercial_profit="125" fix_infomercial_profit="1" />
		</ad>
	</allads>
</tvtdb>